cookie_id,score
ck_315fb710a0e371e7,0.0019509293283898573
ck_a76ee3b3e3e522fd,0.04011847549365425
ck_94c9a4d382689e82,0.011877986649412307
ck_8eaf9509ad9462a0,0.0010526777818110511
ck_9a88a5a989cb5bc6,0.021704910828018016
ck_15239ef0689c1a35,0.029951151038023687
ck_8de69cd219d3b87f,0.2953423831641303
ck_f92cd37022b0ce21,0.014931627024734813
ck_1a3ff7620580a514,0.06552114659915217
ck_397c03aa33a57310,0.5964463226356634
ck_a7cf6c3b322f6b7a,0.0008296434975331551
ck_c39a9e75760e3201,0.0026815764758542056
ck_88ab6d245228c38e,0.000600837124430567
ck_17733f75ebdea93e,0.011361390282748284
ck_58eb871e8d7bed52,0.6598251032554873
ck_e55b7fa67db1ec27,9.879413017481186e-05
ck_62f5cfe22c952694,0.015526075194683594
ck_7fbb709a0fe95759,0.0008734871945060047
ck_87abe9cd066a20fb,0.078901730392529
ck_d58e058b5c553dd5,0.009810839131360894
ck_d27b872648b71202,0.0011444501117793724
ck_4b4a3c5b95c55b43,0.0017487350516750665
ck_66dd4f4b4127256d,0.0013729999099787347
ck_93cc12703b500613,0.2979059630996218
ck_d28806a2179092eb,0.9997780189510767
ck_0595c2a0c7881e05,0.011204084218043022
ck_50087d8666191144,0.37859515837725216
ck_b08b3f089138c901,0.01406880762554444
ck_fe3b67041dad2dd1,0.0005971321240614103
ck_8449a28f7d475d93,0.04471295300648615
ck_8642e3b6d84f49d3,0.02191394747668589
ck_e49b5e4f2f2e79db,0.9873335938548701
ck_437afe412ea4259c,0.03461926119176431
ck_569b83668d74042d,0.769041558697138
ck_233a487d31c3e631,0.9999546860663113
ck_1fca72e03143a645,0.9975987010640207
ck_79205e31223df2ad,0.017067062540400916
ck_9625a64406ea16e3,0.0021417618569506127
ck_079bd18dacb704a8,0.13769118828338833
ck_4db6d4fd2b49aa81,0.009514283157653132
ck_0dbefdac0a1868fb,0.007351691794866428
ck_24ff97ad90bdd69a,0.11568854698353077
ck_77f8c5042065d506,0.010108136332415278
ck_f11be8ce05382cec,0.002132914853132857
ck_c9d72140b0389216,0.050681814449930036
ck_69eda24e931fb36a,0.006208740884934352
ck_ed471e496916ee15,0.00033360873827583494
ck_ff090498c4b17ac3,0.0072623990903438644
ck_c3c19d6a0720915c,0.0023051329362927956
ck_af02e1817cfa40b5,0.020343583622534835
ck_2df5a9fc87553eb1,0.01916444212858468
ck_4ac918e884cff336,0.04594061338890796
ck_ca149244b54ef3ad,1.9488786444101912e-05
ck_6babe5b8674ff51f,0.006185822686589101
ck_1573878386886290,0.026190943142889733
ck_3925f8565abb7fe4,0.004698054115581979
ck_c4de808ae69c771f,8.083520462994783e-06
ck_a777c813551281fe,0.0021887989653638818
ck_df4424f6dd85080d,0.22637116576034663
ck_85e5494ec20383ae,0.02416259444963351
ck_f71a4094e889c3af,0.0004501760861332209
ck_f2f3cf9cd23b2809,0.057336116768622956
ck_18e2076397bcc211,0.05494205249355026
ck_c9f9fddef39bc664,0.03305581480604547
ck_7e826e233d6ea028,0.003075601105503491
ck_62fd7eb46bee9210,0.02010325602380798
ck_206f8e3cd72768f3,0.2155019047083263
ck_aa295a11b0a6ab36,0.09355392420881818
ck_9a56739d81f84a53,0.0006994318831450495
ck_aa075c418ed9fe5a,0.0007422044367889766
ck_62b9fb3db284941b,0.01659651317729877
ck_f4f83b1403ebea46,0.08021747645994459
ck_16b66bd803288bc3,0.6184961122809393
ck_c4ca1434f3778f1d,0.9994681991289327
ck_1b823610371a29c0,0.008874783600182746
ck_c2bd5a722aa637d9,0.0028888950374884735
ck_7890208951df34f0,0.12753766121684043
ck_020eb0e454524ecd,0.00022064049983097736
ck_3b66196ccf436c35,0.03729286673006605
ck_109fc467ec0a4af5,0.023041642407418506
ck_f3dcd818db92de7b,0.011274763396160669
ck_31e7742f160980ef,0.035298215913134104
ck_77fce5f86f00b8f4,0.7316299068255442
ck_46bc797b4d07d607,0.016427609491427755
ck_37899b1b571b1c6b,0.005483033373641154
ck_ef8a6af43fedd464,0.0006940156972693616
ck_bcc8519fe8521038,0.5235677487616195
ck_90696b7182dd9129,0.018801045021955773
ck_4a24ad61d017e1ba,0.046587188494150084
ck_0acc3d8c67218b9d,0.006924005883079882
ck_05c97fc9de11aba6,0.33051697006225417
ck_f8ac3a0500c0ec62,0.011526026589583405
ck_617b65141f546a1c,0.008541221181426537
ck_9d00823bf60388d7,0.010418217728797198
ck_123c15d93f1840f2,0.34493616273969785
ck_573feefba6bf78bb,0.09866888400339761
ck_b25657bd16739036,0.002794279299047144
ck_bd26d2bef14a8597,0.04500335842757496
ck_a553418f2fba1440,0.0072526914188069365
ck_89f3e380b0686963,0.025186182607165507
ck_b359192aa659bdce,0.34499156536267706
ck_02241f3dc301bebf,0.0073068148589379425
ck_5ccc1a1c78cb33ee,0.1397204200308236
ck_349cc5edda1b8853,0.5915358891817125
ck_e9f228845bf6e28b,0.0263383501258389
ck_0a45d033d4e280ea,0.02901033362766622
ck_7e63168dda612235,0.00023499452186325048
ck_676fa5f6aae5475b,0.013029447495575804
ck_74b502b20690ccfe,0.00041138044909774427
ck_073509af21dd7f5f,0.8067305729940761
ck_498a0acd450944d8,0.0026210903861271
ck_7f15b50b29dead01,0.021622793125009643
ck_8089fe7403c5f537,0.026687023283119067
ck_05b2b04e11d9ae9c,0.013050395929968957
ck_31e70f2f04b48b88,0.006671630100026822
ck_994316fa5a02b319,0.0004607989168846483
ck_b76510998b9a2260,0.013411564399854541
ck_4db95c310e105d30,0.0005583600316433244
ck_6f730b77dc6cdb84,0.007386677097490333
ck_2493ee8e7b91d304,0.003542953986805013
ck_92d679d6ac7dcdcb,0.22026499105291514
ck_3a0e0200cbb185cb,0.031273105857411006
ck_0b2eeb4e00ff7955,0.00271447324153352
ck_9843d0e61c37ebe8,0.9998812615098384
ck_e61c8721e3ef1921,0.0007395290878287778
ck_2e0eedaaf2980c2c,0.04124796931951652
ck_9036b2e5e9298a34,0.015223107090266003
ck_3265442528d51728,0.026174929587067807
ck_f2ddae2eb1cb29b4,0.0037455580970387832
ck_6cfa71d27fc27f92,0.005817597312591205
ck_f3199fbe84a28b9a,0.11309725827972526
ck_b78d785ca3ef773a,0.059378036238515966
ck_374865697f1480eb,0.029979682060745624
ck_06d0e4a9189302a9,0.007515420354644533
ck_9c9884b9bcaa552e,0.16772494899670404
ck_fd4cf578e87703ff,0.002494726930412067
ck_1917ef3e6e345549,0.27266022758540925
ck_e70418b00cbbbac9,0.011804942276221876
ck_a60388296a47062c,0.05235025015132434
ck_d598fe8d2c779ab9,0.024311627375666073
ck_646dc03de4c31803,0.9962448967741449
ck_e4fd8cbd842b6993,0.0005330233336825934
ck_2225b555aa2a42ed,0.5431812143929595
ck_6be8ae9d78148882,0.00023235163501525734
ck_4199342d3aca74e8,0.05113842210148794
ck_779581adb573261f,0.005529130880841303
ck_bb303568b6915205,0.4218279021277024
ck_17c4296276448afe,0.00153867950802666
ck_a60a61ac829252a0,0.0391116097750865
ck_6ea70950c1cae00b,0.9962397596771199
ck_1abb93f6924645e1,0.01860464295154285
ck_faab769cce19879a,0.1980977227164488
ck_d5b8e74e7ca6355a,0.4326455354716462
ck_f11f7691af16ad07,0.0024722490359496705
ck_188fdf2be7c92e9d,0.9994711312865845
ck_4a103f8254b366f7,0.0029796678437914123
ck_bfa17a0b1760e616,0.0010737064615393749
ck_a4d7f6a5869d440a,0.9935819423698077
ck_58e20f5a3e7f11b8,0.8718544081860365
ck_4becdd3d2696c7ba,0.0018722335888433398
ck_dad5cf32ab9f243f,0.013630486599146821
ck_7d9f73dc7c4f90c3,0.1949237382509314
ck_c19371047a2d011d,0.004973255383489993
ck_247589ff532f7aa8,0.0067904571300718775
ck_7a9f241d5f082567,0.0035922641402951383
ck_0a2b7078736b4dda,0.0005271447783682503
ck_687b412e2aac7eb6,0.12281671661319632
ck_fce0b6855886a0b8,0.0021378145226022324
ck_e291cc60920456d0,0.5593138927191112
ck_04219a7ea798db51,0.06016160208968606
ck_286bfd719836e9f3,0.10874794041209394
ck_55efc92394fee232,0.020453756564317457
ck_e36c8da1bd359960,0.33423536801234166
ck_34b0988a97d96902,0.010372773070335208
ck_e0fb11fc9dcb34e6,0.011552131642611372
ck_bcc9cbc9ed8b7c31,0.04278502270100329
ck_3df8da6f60a89a5b,0.010704469752647681
ck_b1495ee5c59a6b28,0.016723193260799577
ck_58f4c3ac61fda129,0.37132357741133415
ck_735f244b99e3aa8d,0.006985767344608574
ck_6b93bd8abf87b1d6,0.9767856916394029
ck_12107dacc6d05bd1,0.00015314102848190754
ck_f96db2a1f3448d1f,0.017594833048836786
ck_8fd91a3c99e19097,0.06040746708643313
ck_910205d25388a0ae,0.00017335567643410758
ck_d229dfa0e4442628,0.00013121111593717105
ck_7cdec61e1c488798,0.21428648551357518
ck_f66f06e24ff32671,0.0015170457420021742
ck_350bf14e90b503f5,0.009222212605230195
ck_61fff5fdaadd394b,0.010395849529764788
ck_e934f984bad2ff91,0.9500990037042315
ck_ff6a6d3547dd2d37,0.037899023350069616
ck_65ad9b15979e3247,0.0069379332054412685
ck_bbe1a2ea5a403ad8,0.9007270294117868
ck_6f3a28eecd2c4031,0.023030131552345096
ck_a89b66665714058f,0.0034399878449805792
ck_918c92182b6817cd,0.032427926418696025
ck_64f5eb4be9e7b8fa,0.7381559950269465
ck_d021fd497ea35fb2,0.050744359618356695
ck_004de16f7d8a42ae,0.015763191674401985
ck_a33d2325f86ab12d,0.009642602821815558
ck_89790ff26c844bc6,0.0374617569008746
ck_e6e7257377c37b28,0.25646202603453283
ck_a2cc3910a641a808,0.9912681357893166
ck_646e270e0195bf05,0.006336729067791494
ck_baba5d66def0d770,0.6850070474465162
ck_67cdcdda3033842d,0.23746311528653077
ck_b5c3075c811a2216,0.02562384374282942
ck_515379973a8044b8,0.0025774711335279357
ck_c0ce85fb4109567d,0.04821938697090631
ck_fef850553862aaca,0.00144846682314538
ck_55d7217b0aff9fa2,0.12570300904995993
ck_8e139f8925ef7968,0.019919526715051615
ck_9e35b908fca1e4d7,0.001465272169271188
ck_59735f4ab2ad3da5,0.013260601551962873
ck_dc569c1167ccec0d,0.5649991242192515
ck_1dade5592f90a15c,0.18671005132305885
ck_793048d11fb8b328,0.06167960146743068
ck_545b71eb4fa594b5,0.0033829124977367143
ck_bd30853e9a57b544,0.018109512121997066
ck_59f46321ecf6d306,0.005090708313419929
ck_260cfe9141d249f1,0.0787263466881954
ck_3365a0ad1a8aa83c,0.00920133229837379
ck_b0ef193195a2138b,0.003228793041085532
ck_0f909705e2e60f2f,0.0016700698604138922
ck_5a540b75c866166a,0.05263414135784864
ck_87c26b2f41025109,0.9994842449855066
ck_27acc9f320cda104,0.4239728262970842
ck_a27bc31eecd9cb9a,0.005718560798633651
ck_115d86fabde77b65,0.002134814918837538
ck_eeca179341d56f8a,0.7326690741939619
ck_8e5999c436cf037e,0.0019875125426412356
ck_510e7c5df1f95d90,0.9987518364697686
ck_f1acf73363925958,0.01363414813323206
ck_3c177f5970b68bd3,0.03285425354704669
ck_9cdfaa1c30cc9d32,0.0005434476409111047
ck_c8efa1538b37c359,0.013488178864538222
ck_a8a2e296f9804bd7,0.006020111672784335
ck_91a0ca45f429568d,0.01162070256947416
ck_5fdf8a0bdbd3ed62,0.17274432115702384
ck_0f4e2ec66d50da5f,0.0009113935631976787
ck_28c53b214b2ee882,0.6856506930813959
ck_003148504557f720,0.3370575055361473
ck_01d840cffb870615,0.2810012436185034
ck_555848d51f4b5f35,0.006541033144117635
ck_df20cc23b8fb8e22,0.025126425144001256
ck_f9604adde929beff,0.0016294437846888672
ck_d66952b03591bdec,0.004694937552277364
ck_ddcac1ab765ff61a,0.22997482558235693
ck_347386629d96c664,0.0022082523408943995
ck_ab01db9117acfe3d,0.158079371138135
ck_58e5359efc52e0ad,0.013515578393407
ck_1a524b5cc8da71b3,0.005415722918369661
ck_e9287b6d909d731f,0.005796671694273457
ck_bb41a66e3d90263b,0.21233526375119288
ck_e95c8cc1864bd584,0.020034366291173708
ck_7a3f2961e9a8b6dc,0.020810643826954224
ck_378a9df82b1e0bee,0.3827885004830652
ck_42633573639a3f02,0.9594196517103504
ck_2a5a4c18c2c7274b,0.05121507704375009
ck_77549c1a41f837c3,0.009931564676901606
ck_a26704b5b26258b7,0.026796600356189894
ck_9874ad160efddf50,0.0010957149550416526
ck_9111e3a04b14dfba,0.22736773418039888
ck_651e076ee43aea85,0.009144011245782681
ck_391639c0f13932f3,0.0011238964997300274
ck_02dbabda93c8c13d,0.1921359012410432
ck_0adcb1fffcb0a34b,0.06880284853684067
ck_7a43ef9c7b1c67b5,0.0002545357947600783
ck_4b9dd69946438d0b,0.015798798054418514
ck_90bf017cdd37b66e,0.07630203615381041
ck_61c74163eb36556e,0.017869135360187992
ck_13376c59b5bd6943,0.0018780357845063148
ck_62337eccb1672737,0.00884564501747168
ck_16077934338472bf,0.003750167221504513
ck_0d4dfd93086e7330,0.0023469038478321383
ck_3865b7525b910893,0.008198725361475938
ck_7e2ae8b69ebd5675,0.007895883426791565
ck_b4384b6c11766ce7,0.016524476223276196
ck_3d7fa32dfb9fc692,0.02597729217420667
ck_f4a6a7cadd6e0603,0.13675502236302176
ck_212525e2828a6c45,0.004055215230995391
ck_33ad8d53394ba77a,0.4983746976923823
ck_a5051eafe8b51224,0.013753040424254083
ck_f65e5ff7da565f91,0.005864980637676842
ck_5c37f7563fa7591d,0.0034391789656447384
ck_f1e0a006068aff29,0.04259320641688414
ck_c646cdead6fb79d0,0.025825093630289838
ck_f8b3cdffef535330,0.05942737876818792
ck_e5cdbe3aa12c97f6,0.009341943359884294
ck_986e4e61440506d0,0.08788918530304653
ck_6da9c5912e15d9a8,0.1020935781712976
ck_51d842e6dae74c71,0.041828007371399564
ck_5fc65c24e0736d5d,0.981440342627342
ck_babb95a76c69509d,0.046548630622004435
ck_86a2d852a9715432,0.32524018581799324
ck_db4083a0d043def8,0.8855437478965518
ck_96953b8945b7d403,0.053053899667388195
ck_7831ca5c31fb3859,0.021445226728815804
ck_60ac5e5f375daa38,0.005349960468772368
ck_05d44eb1f5f085ce,0.015915761168404267
ck_432cc19c7eeaa46e,0.061824085186685335
ck_7fc513033af061af,0.3086144109557658
ck_ada6ede84c111719,0.002057921974277746
ck_6343e0d3b1c2962b,0.07714502611165497
ck_010264ae04f2e902,0.07473390512642462
ck_e9dcf535f8c289eb,0.1397169323409733
ck_37143d9cc296e6fa,0.021408838399492234
ck_61fa051192f3e810,0.14064062721982107
ck_f9f93d1d41be1468,0.9585817466828228
ck_c4f4f28457be8a74,0.00036593718691637327
ck_323a71f9452d21cb,0.8238060279840219
ck_170f4688e0acd875,0.2835104216270981
ck_869b1878d09d230d,0.3046206872636256
ck_2f6b33bf46976229,0.004300123255646197
ck_b11e22e75d9b99de,7.429690306512405e-05
ck_123d75ffb75b606d,0.002071059627570403
ck_94295287a04c85d2,0.4856472587225878
ck_1b0434f096795328,0.000610264944814681
ck_0a4e191cd0a57ce1,0.0020803951300667096
ck_d2fbd0df99634676,0.007923870194154702
ck_d51df5e9fbbbcc94,0.0244880384531913
ck_2d3d7d64a6f443f8,0.05362912528725641
ck_731943c682c9394e,0.03171442038363492
ck_5ccc0c94e5e1f849,0.02012312615872357
ck_c3476080516db25d,0.009302226882298632
ck_5010ffb1c94187b5,0.002267567656796557
ck_7ef666d67bc70223,0.018426163497481083
ck_c1b493527224a27a,0.0012825192689763277
ck_5d1e25d7acc5af9a,0.004912738419745571
ck_ec30b61cbf517db8,0.002309060417697503
ck_79323eb5d2e5efae,0.01463756659861404
ck_4085cd3bf2661518,0.008295367724810333
ck_2ca91214c357c072,0.3497648932274001
ck_7f3132d6be389657,0.2829180423371327
ck_e7a6b925c8f39a85,0.012388338605082481
ck_c886adec7bac250a,0.004161433770475134
ck_c3f360c2d0ea0a37,0.05443981688273199
ck_a7acd5b015823793,0.016573641393202932
ck_9d64187c0800f84e,0.020216787161341575
ck_5d4ed73b9efd7d11,0.00791939399903409
ck_874eca6776b34dec,0.0006370642422995591
ck_96a9221a87be93c3,0.006052019170293444
ck_68dd79a51eabf5e6,0.07275410103340026
ck_8311cb6755b2016c,0.00016192664418060654
ck_16fc77b2bcf5ec03,0.8892033970563785
ck_ad9e2088a33c8c72,0.0002946747131369613
ck_7176bbc97b1e42a1,0.0007364773123521473
ck_80dfa54b30f65fff,0.8232589782509564
ck_31c54d540b128843,0.0065833764266515354
ck_43ea894480567274,0.2393779496546269
ck_9c9e8a38bd5a6c88,0.07906592661548283
ck_1c2dcae19539e148,0.1279182081801006
ck_b0fa8b84e94d8ae0,0.11230300581676435
ck_4ceb43ccd0a81c2f,0.09703205573908495
ck_ba845332b730b596,0.002294682110326107
ck_73d3e8c6077f61e6,0.19415891734094354
ck_b5d0d223ef56473f,0.07519452792501367
ck_949f08f8e80e93ea,0.0030915872423475806
ck_73de0b49709e5f8c,0.04449166144858627
ck_b5935e9722a39819,0.03829054908442948
ck_96247fee0eb44420,0.014187762864398382
ck_a6def1e4b2d57e0d,0.22781167405713837
ck_aecdc5a96321a2d8,0.010097147400069222
ck_bc61c59970f8de49,0.03699852592222824
ck_c43b4175fc9ac5bd,0.9435832525207686
ck_8ff7a9b23a55fd62,0.01825076797245003
ck_20c99b645f462449,0.012227757217914255
ck_a5ce2ae36fb410d9,0.0005422457984387727
ck_96fb9bf556842bbc,0.0007170226631201658
ck_b5e4c6dbbed1b773,0.09946030636542023
ck_2085433978e72ea9,0.08385027501566972
ck_2c6b174b063ec637,0.006324358718535581
ck_b20b81b88dabe28d,0.0022188362475426163
ck_243c18dbf150831c,0.0034108876920382405
ck_2bb6a17e8eee35cc,0.1371993363240033
ck_66147fb994495396,0.493062466600674
ck_73f124f075ede0fc,0.001327843480134822
ck_2e315f1b1e533dab,0.0019208426662147991
ck_16c7bf94ed3e7a6f,5.148692186525017e-05
ck_4a0eae220a762ac5,0.03688557549520335
ck_dc16f939c2f44ad8,0.042335689339604105
ck_817926b449754917,0.0017769084155472774
ck_0c0dde42ab64ef87,0.03827476254263143
ck_cb3a40594da6a2ee,0.015800263439945127
ck_d0dc156441fcfdcb,0.08911987734899741
ck_66f0945add423e9e,0.0013579981144635025
ck_a74f6a3030f5d495,0.01531123901424958
ck_1ae460f331e49ae2,0.12443865391566428
ck_2d177b2f4f0b40c9,0.07354497247396867
ck_92e474e4368c4791,0.0040869572757155186
ck_3dee83fa2d109484,0.0024149713577187766
ck_80e5ea27848069fe,0.016538382866878164
ck_ed0c4a83701ca230,0.030461106748753186
ck_0b8b7c5c581fd161,0.0008014888521663246
ck_60bf8a2870956fb1,0.010284873144373126
ck_73a54b56a2bf35fe,0.9722269974581869
ck_2296d7a563424883,0.00421965316153091
ck_bc19c383560c7477,0.004495440463208493
ck_861d8e3d88f1079e,0.00276779094628521
ck_3f090fc96c24eb28,0.0006423845643181715
ck_9a6a1f8102febfca,0.013464227813938644
ck_541b6ad5d2fa5a39,0.086196256276829
ck_a760d38d1bc4de97,0.0014013019562751506
ck_7dca4d7ee10b4eeb,0.04866019551232047
ck_15220e78d1545e40,0.004396964818654537
ck_ca24bb0de508efb0,0.004717793273698416
ck_56b389627d8f02c5,0.9993028151714215
ck_48a6754977a44db0,0.007664104608154179
ck_333a43ec339a04cb,0.14759392138484723
ck_f22aacaf86a65d7e,0.010406658931445451
ck_04bd8a1ffaf3ffd8,0.0006217823821576751
ck_2737a72de6b700f3,0.540895485634805
ck_c35e03b0dd0c3454,0.007732457121468611
ck_e0571312f395cd94,0.01984104226777409
ck_09fab6b9825001b2,0.0029621072076179756
ck_18c3a095606209e8,0.022922981063557318
ck_2a97db9377d01e36,0.0725254693775815
ck_f29dbbfdd2786bd1,0.003270459963477507
ck_35d6c510ad29362e,0.3823092289278243
ck_5468fa99c945d785,0.002467027127447389
ck_6f8102f62c876cc9,0.012267906165805404
ck_91955aab3424ad16,0.03056576351024461
ck_9a43c0c73a39d759,0.12380923191713547
ck_60b023af6d1e30bf,0.6666203551351466
ck_9704c5cf8659cedc,0.015203593810682006
ck_7e5f02b51b9f78bf,0.10752841112189261
ck_7d3a88d1aa649708,0.960473796431815
ck_8250eddc1ecb07a0,0.018875301552724662
ck_d979ef95ee44023d,0.002318699265013854
ck_5e5461dac83531ac,0.1704747552917647
ck_d1bb8890081e0a31,0.10241055036868663
ck_32246c62640648d9,0.0001587246372641232
ck_77a40c7d2f862a32,0.04617893656726479
ck_1c8b94efe9238f5b,0.006009343819345473
ck_eaf3b6d11bc3cb11,8.983537155040506e-05
ck_a4a7ef3ad799c380,0.028598223265037078
ck_d5bd8f68da073cd8,0.013577412705860463
ck_6e6258227fc8db7f,0.0005014587157190639
ck_c35d444e05799db6,0.001281733044305864
ck_74665e1209140ae8,0.19955297136210529
ck_353a272478f7e903,0.0029871051757655795
ck_a2c9796ea229a4e2,0.0015837792441556922
ck_e0171f91cb3411fe,0.012959276078079686
ck_703499f5410280f7,0.008707030891790191
ck_ae3a763997f8f385,0.04018839621513193
ck_f7ff94c3df5ac874,0.4135470389411023
ck_f3c16d8f747db046,0.1040101972059981
ck_7ef019ed77276496,0.0016071454765750443
ck_d6a4faadab58a3de,0.0030001762538681676
ck_ba7b78d31d74c794,0.009707544991527707
ck_36287d063350ce9d,0.04300490414425465
ck_5177fc7137ff26ce,0.005077594226888455
ck_dfd4e79aaa967b63,0.006692248746736819
ck_fb44d15fb93a7157,0.09832845778676602
ck_fca478361870a4ca,0.02603493245950352
ck_e57b94fe57341058,0.05067531646069598
ck_5448c946cc4758fe,0.17495682979200458
ck_c5ece5ffb8800ad4,0.006936582708422634
ck_11cb98211b2ed134,0.9741217145286677
ck_f655399ac75c4450,0.001041230048601476
ck_c817259019588d30,0.06443197449481773
ck_8740a14d8096c6e1,0.02231954125447487
ck_0c5ba86f4e05b38d,0.009205083792696323
ck_ccc917533d4b73d4,0.0008737424291054385
ck_9eb80edfa43203de,0.14823020143896712
ck_d1a1cf4cf61d6801,0.02018718356593989
ck_b17c239f160e6017,0.004202666754648676
ck_410c3e13b48e0415,0.0009666811111544889
ck_ab553954435e8854,0.7406577291306681
ck_bdbb4230c91e1604,0.20459804555417055
ck_8fd4937eadd64fb6,0.00658544766418163
ck_e0e90b196bef3c11,0.00036615730104920996
ck_3dc4d464386f0eb2,0.4220680220554557
ck_51bbbf8f8e8ad005,0.9998700045172721
ck_c05737ab74cf03c6,0.11831925025947608
ck_dceabbe04d99afc2,5.776300067127504e-05
ck_5b86fd14e85bc9c7,0.8299451695686786
ck_d4febf0083800424,0.0027777764943681506
ck_77d9f86dcf251739,0.02629691590842286
ck_b4dcebc543deaafb,0.018081296395206958
ck_cb856e75c949b0cc,0.0005566823570539489
ck_61b067de8ffc1ca1,0.0431083933625477
ck_c0e8560ccfd9dd9d,0.0013826781675899736
ck_173e1198c341087b,0.004732748304009815
ck_b4d55bc809000276,0.10687277989789812
ck_839bf139296b5cea,0.06054863553479707
ck_78cd402a2a4f2e35,0.0014170862184883248
ck_c2925c50ebacbdba,0.004240196333368637
ck_5e3bc76eddbdb0a6,0.0008995008352464276
ck_b7793edca26fc512,0.0665180173218795
ck_d79bdf04d6f31cd5,0.000699116361147049
ck_4b97d19ed946f503,0.2816361088517214
ck_37139b41c5370523,0.8020673499471948
ck_8c346eeefa9ce692,0.021055398897455703
ck_2ab7eddee2d8c49e,0.003221473550430753
ck_29da59ea3bffb9d8,0.7163308959873551
ck_c1d05ef0ec6e4be7,0.0011947306394790658
ck_3882423b449f6291,0.9888323210051777
ck_5647030283171ed5,0.9355566155737646
ck_efbdcd9c181e72ca,0.0380378926705864
ck_192fdad892782daf,0.4342953715451113
ck_0bf2e13b9f2601ac,0.008202774542805056
ck_3d6046a533057795,0.0035127582160104018
ck_279a1d3a3836e5cc,0.1310564385259611
ck_c375e929becde422,0.010531782020895001
ck_a59e90219939a1f0,0.005662832591489694
ck_4e9fba1ec54c3ff8,0.01340832949265509
ck_bcbd8588a13f5eef,0.0006702907304221332
ck_5f9a7ff990341bdd,0.0006744371633194575
ck_e0403d507519b7d2,0.02003743133279225
ck_c9490cb61aff5112,0.1166081261651257
ck_41dd44308e6a665a,0.3105977339950692
ck_76c23726cd7ca947,0.0015166937952090535
ck_9be551300209fa83,0.019447025583460273
ck_a98848eec6c9581e,0.08556251393200401
ck_61176dafb33b2d8a,0.7739781343317249
ck_92de019e05971ce3,0.006096698518364885
ck_5d644224135d7c65,0.0015659409955372597
ck_c767fc454fa215d0,0.006364847418277117
ck_5df85a8924e11f27,0.007692489181669167
ck_da2729307af06ed5,0.009680160258782522
ck_7c6b577174af7a78,0.003333195383958613
ck_893b8afbe11301e1,0.02609955406856098
ck_e06f6fed020ae014,0.11582162206034272
ck_386680372fb54857,0.005118878192835131
ck_7a7f3c4fe0c9d2ca,0.0010986794603519204
ck_f908b527c4db422d,0.02162561945172563
ck_ec2eee6a133e9a6f,0.10819175584263574
ck_d98934f9fe0b02b3,0.0010282730953784785
ck_398a1ed77b0130e5,0.011195850283703573
ck_d960af7a55b892b1,0.0067895573379412955
ck_4637e54a9f79e2e7,0.0011082791114077055
ck_02b9f418524f6650,0.015257157704206659
ck_d4b23804cebb045d,0.0016980036680824997
ck_35b1939c48182a9a,0.05636373755999688
ck_2dcbb71e39d64305,0.15156110421665722
ck_47a884dec960ff2d,0.012063284797899513
ck_71fd8c346fde5cca,0.1180583173971084
ck_98e1992ac8e7d2de,0.18316394204549105
ck_ae7780327e210522,0.025908903123430103
ck_e6c584b4b1ad6d9d,0.015813500758820712
ck_344b2e326a6c3dcc,0.0006415840880920769
ck_9aa899a5230b0963,0.028516374951698734
ck_e48d14d5b70ef5aa,0.02053813753079832
ck_59d380a0973b3951,0.004922669704900973
ck_11318f7c041a5ba9,0.004037447723791902
ck_7061786fe2f22f5a,0.16052046369283418
ck_e77529651c416cf7,0.024882593263815516
ck_7f79878197340435,0.01103674136697508
ck_b0a0fb0ee9ebf106,0.03186620940643565
ck_70c7679199776a90,0.035385809852647075
ck_b9facd2210daca5c,0.025844987617698933
ck_9949f53c155b8dde,0.0026924168485580003
ck_1c607e24f2c4397a,0.330470535300396
ck_aefd1ce3ce093cbd,0.0008700212548860142
ck_5a29b7018e43280c,0.0002872030878413078
ck_69eb0b2ccfbe5f95,0.006656751465267079
ck_fe037765aa465c58,0.0018883672384818477
ck_5e512ef5362a3dd6,0.0237209603750618
ck_544a9e80b7fdc279,0.0010091507715561789
ck_7825494e654d5695,0.3309153121960744
ck_f1f2c3c623553f0d,0.00034422272319059447
ck_52730906e5b461eb,0.8316079893665292
ck_01e0689157fe9617,0.5330403040641166
ck_9da82e567074da9d,0.006772028914998501
ck_6a17384072f904c0,0.005420474784408105
ck_8d84d771a21942a7,0.00014622582053313
ck_39638880292782a7,0.007956338195433931
ck_7d51c86e0eec72ac,0.03175344370060474
ck_45f4c821c70d134f,0.9051984738001357
ck_0af3c13ba56ce57c,0.0039368803021903095
ck_0789a05e061b2784,0.08807720637764781
ck_6ba091eb42ffa9fb,0.1206444996931094
ck_265accb3c5c32620,0.007765423568442617
ck_179039559ff7566c,0.039554015108011424
ck_17c0a6a92b5765cf,0.02537124512987224
ck_59371c9140239fd7,0.03311047151297912
ck_f9c4f8b4ce2691f0,0.00574711754594386
ck_a2637e4872cf4811,0.2066444037482199
ck_1de43fd6c6c22a5f,0.2214224066278418
ck_6e4f31bd108571f0,0.0005039310839455688
ck_da06d97db0b18851,0.0004651562238477684
ck_e0346d5081e640e8,0.33008224496102984
ck_c1c7d4e62c9fcded,0.44517566425431365
ck_2595669e421299f6,0.0009940454356126632
ck_3b6057d51fd4c7d6,0.06246119264961331
ck_c5f8ab515840a0fe,0.014504990945903155
ck_435cb24538c6f77c,0.10095836534004296
ck_d84b5403da4cea7b,0.05594101084378023
ck_c2b61a98d1c8f6dd,0.9687646520137062
ck_c9dcd92b2f836b61,0.15071233340751025
ck_9eb5b3f5f672c2b1,0.00016597762491038295
ck_e4cf189a8d31649a,0.0020754532197077118
ck_6b114f2a48152b96,0.00751284441741823
ck_3fb95862b70f505c,0.05526632414985115
ck_7f780f465c29398e,0.011793493451252595
ck_ee387f9da79e67ea,0.15671056098894787
ck_fa3b1e85d27af2ee,0.09688111866493812
ck_e739eaaa7a1822f2,0.017030504627639876
ck_dfa0ac11fcb1dabd,0.0043934507328741304
ck_6e8751b571ea54d1,0.016934886732667343
ck_2d695f8358383092,0.1157037292422222
ck_e7dce27edb700f27,0.023458182162456053
ck_e322da8b213eab52,0.002246912126076905
ck_d0b32e039abb8200,0.00730289180057409
ck_b354003302b272ca,0.001126155114739424
ck_f7485cba392bc294,0.7745221584412278
ck_d6a290ff8362c7b9,0.06216934127071102
ck_c56a44fe315c0389,0.039308539210991734
ck_f77dfe6512eae322,0.020125018724625528
ck_35fe969c58b9e70b,0.0668488085346031
ck_4c518637db2322d5,0.09505837498337813
ck_cb61902798ecc4fd,0.046172019181415405
ck_56e6cfa32156a916,0.011564891719813144
ck_343e6ed2b9d35c01,0.00530951820555115
ck_51440f64f7250ad7,0.0745175915957712
ck_295bca29c34cfe2e,0.5413449127420883
ck_dd30558576b45e7b,0.0027740659241186484
ck_3a30132a57181fe3,0.04618649055297364
ck_4a733aeb833406f4,0.0006547353445816395
ck_1b0b7c3d35ab1259,0.043850960976839035
ck_962c3bbf27cd4b80,0.08750802078999195
ck_9528e1d6b1707870,0.006109813701010344
ck_b3263e7f31aab45f,0.08508794678139299
ck_e69195a3c885053d,0.005957245144563235
ck_a907fa8795cd4baf,0.0008227285256815329
ck_205c3405045bd835,0.02474003379454312
ck_e81fc223bed3c46a,0.04123430274451707
ck_363751deae40edfb,0.22770175784707178
ck_6176baea8cbebbb6,0.01411008615501713
ck_633e6579f5c74a5c,0.7723958803335031
ck_ddc11fc481eef58d,0.024270075562416605
ck_e975002c979e12c7,0.5183257205764478
ck_8e039b23acaaac00,0.7756337161346771
ck_1d6990d94a4d2ad6,0.05582495725850864
ck_e7b583acaa3171a2,0.11050123001492868
ck_c0133f60d39b2fb5,0.011946213723047201
ck_7d6bff85e7a694bc,0.0006729893481879506
ck_d305b4d82f63f647,0.0003415716194659642
ck_22bd0fc71f95e048,0.07423818867109666
ck_9a65fcfc7916f93f,0.0033827003707046503
ck_d61c837b0106085a,0.029860305880714352
ck_be86a1db08dea456,0.020404022725762937
ck_90489c405e6886d8,0.0022712641480008623
ck_0add2c321d579d75,0.45632264958934005
ck_482dea6eed92cbbc,0.0007719250584046773
ck_c24b47184534cc2c,0.9978822926636464
ck_fa04ac31e596e7d6,0.018902377543173955
ck_084322dc5a3a86f0,0.016972728847040066
ck_ccb72a33cc1877b7,0.05983090303422574
ck_afaf374009d3b248,0.09152194502638479
ck_b53084ffede19a8e,0.001097511227482129
ck_4760216154c8cac2,0.7812423286042836
ck_37ad3a65db673e70,0.005430372784574003
ck_0c2932cc0d553694,0.008251395163930905
ck_86b853c52f20fef5,0.003940765809160934
ck_38703b7546d35a80,0.01454150356765925
ck_218b7e6e6dbd2da0,0.0015143286484378873
ck_402db4184982fdf5,0.01194359438067632
ck_f917c82af80e4a79,0.05067566139441827
ck_3c6417a233c68c73,0.05489656048006995
ck_98068c397d70dd3a,0.10421726303262935
ck_b1cbd6679c0f8d95,0.011641634866742084
ck_9e962f9bb0e7bac2,0.0049046858104678315
ck_b08247c3ad567d92,0.7001695957006628
ck_3ef7a03ebb81cfe3,0.004278278901479453
ck_5d7ae0e3562e99bf,0.02693053627843657
ck_c91a628236baf91b,0.10434926327138924
ck_7f8e816ca51755e3,0.9971418267336344
ck_5aadd286d188f5c3,0.0010851378774528193
ck_a037aff5f8128c73,0.0018065344102881577
ck_5df6529ce8290906,0.0041033746075199206
ck_5f3609511443e5a8,0.003970895599972809
ck_a6f61864fac3c8fb,0.009493274191620929
ck_2733fc6ba23ae46e,0.09593166938694427
ck_22bfb9246646eb41,0.8358180359408843
ck_bfc2a57d8fd1610c,0.2448333012491032
ck_49839e761d0e74e9,0.018944350771305712
ck_aa4ba931dd37481d,0.0001732358378211406
ck_2f9fa0d61829f815,0.017483366103642994
ck_5b82c774df10d49b,0.00012714229676633187
ck_411219470d0a195c,0.02545663772608288
ck_d07485ba10514a2d,0.9014927750995827
ck_219bef979ee21bdf,0.00015033269410505537
ck_eb1006e7285184a6,0.03798243002220702
ck_fd242b18575e3063,0.031208769708109176
ck_95188150ff059c70,0.2327345906041392
ck_a9ca2f447b984a6a,0.0454614740319749
ck_2dd39723c4088b64,0.008628171981086683
ck_aa2b4c662ff213b6,0.03296104383255138
ck_1867b1199c864db5,0.0921587994773702
ck_850ec97a5a0dab9a,0.023926691984130114
ck_562320295fa35875,0.0018275889844235052
ck_bab5759b07fe2bea,0.005046556110033476
ck_b9f1465d803e57b2,0.019239505906351352
ck_8f21f2690c32c691,0.1431757700492226
ck_df87d6f61a63eb21,0.01078866139402328
ck_770475876d0e7e6a,0.004576116249760084
ck_b4c014d5c0cc9eb2,0.022075210860628327
ck_3add4d23124c9290,0.0075730177207525146
ck_bce5b7fecfb6264d,0.3019789038577532
ck_604c17cb97dc89be,0.257235352421294
ck_e52cbcd9aafd26b2,0.001088408648314232
ck_0ac9114076f5bf3d,0.00717664161723078
ck_dcc125b178b79566,0.0018777446213782327
ck_4e333c09f0c37dee,0.051106281551244394
ck_ff7e31ff8ba731e5,0.010144673947964556
ck_8d0532d24f1070d1,0.0014122209830440614
ck_3689fa41748a6f6b,0.029801420704860398
ck_7509eb97c1948b16,0.0006187679645420573
ck_a9161cf1ca22a6bf,0.002468497615768298
ck_bed3e3db135b782e,0.06032289040887159
ck_9040edd974ef8e3f,0.8415475624930394
ck_fac32d76ed40f683,0.11354760344853446
ck_3d7b1078e2d57c69,0.14404790180461408
ck_dae09c4e074af5dd,0.011758681308257912
ck_fd84507228467b40,0.13415655062654713
ck_e2a2ce9b8cf44c63,0.009091763829446969
ck_cbe716f351d660d4,0.007715983831477856
ck_cba4162ef29a6d27,0.13943650780651973
ck_4f1e962ff8a29732,0.013498617736928098
ck_39a81899dded61e4,0.034081590119708474
ck_25382331551d22a5,0.021830983108921995
ck_6d64e1c07b19856e,0.030096525239075793
ck_165a868bdef28ad3,0.040274437432877515
ck_88774ae52e30e877,0.042464797720633066
ck_fc7a9d0643570053,0.0006229957482097905
ck_c2017120b3b88a46,0.00035921197811331323
ck_d115ac6b9fd62a7e,0.0015884575697038218
ck_439cf7d51ec7de0f,0.0013506741102030809
ck_2468a7e9e68a0927,0.00920394551385467
ck_7c418947124dee8f,0.04269983370318416
ck_fb0cf32c4a56f740,0.01994597074370004
ck_694eb6c43193afd4,0.042772483451532055
ck_993beb188dd4abb6,0.0015372856744881593
ck_77fa39d3b733c226,0.14040673125302386
ck_49969a9abc47cb69,0.0023335133361093
ck_d3f44bbe2f7e9b2d,0.01777641711593133
ck_fcf5b8216d0c18ef,0.002029937847742333
ck_daefe1e2d2bc362d,0.010380249679222464
ck_9c9287cb28950eb6,0.0056069354336362185
ck_c1d1a625b885a975,0.02493548587851295
ck_71b37fe47490b4ba,0.00020140463034086067
ck_5d16e257c0635f7e,0.7489294007584196
ck_15918075563eb074,0.00028085760571046233
ck_9a15fdefc47e8d11,0.0029100045614153668
ck_6f04d047d1dde75e,0.001091788452551227
ck_1af2c0b3b8d202c1,0.004321167422683885
ck_174be2231c5fd2b6,0.0005359464399852901
ck_bb0713a2a1d65982,0.003104009390620359
ck_0daec63bd5b0729d,0.028520398236148464
ck_c0b5cc3e8ad2ff44,0.003721053097026848
ck_35bee1fc12664644,0.21120282105846117
ck_a1c7cf63467df4c2,0.0010725809186477402
ck_ecb1e15f0b185ceb,0.19152917931839916
ck_f280d31f54a4710a,0.10627244805111508
ck_30f4b2ee8abe1342,0.007437735772996525
ck_66bed631354de5b7,0.0035777137776506714
ck_c2d3ecd7278eba2c,0.0161244325448288
ck_e901dec0e09eccbb,0.0008784340602611143
ck_5d038ecb3c8748a3,0.0024770918560926797
ck_283c5bea94b21e80,0.00640912267983101
ck_7956c251b85f009e,0.8736889622528103
ck_9f5f81d771146aa1,0.00393932666168629
ck_9323e6fc1e168eda,0.9406718157691112
ck_10495d3a635b8d69,0.04618155819186919
ck_1982d571cd36eb0c,0.005522736445189609
ck_4f5d7985bcc2eda4,0.001731344317356147
ck_7df526b2b4410bb4,0.21654390635322548
ck_dbb498b1a346a402,0.0025779372667377736
ck_ef059997563e3330,0.009071049802575634
ck_02ec4e06709e6b82,0.0027934746609411497
ck_9782c86ba6485f88,0.00884539935870485
ck_d69de468b44143ca,0.012709181559539961
ck_6430a8792f400e0a,0.08557763454408931
ck_8285bd3c90af94f6,0.09300875232151685
ck_985c9ca112000e9a,0.004512715683097294
ck_e679fbf4f4f4aa07,0.007907975940657544
ck_016e8c8eaf9d511b,0.12200467518785983
ck_bc996c523944644b,0.07227834247757235
ck_5b8315726f6204e0,0.04560265987842684
ck_78181f8e998e442f,0.0023877630867619407
ck_71c68dfd011dbbbe,0.897305037192393
ck_db32c95ce2b6f502,0.9786245947603839
ck_755010362a9b1bc4,0.0008769678263075928
ck_114141d85256c9ff,0.0034240544682050448
ck_9d1a5cf5a3b87e48,0.024535708514042565
ck_ab640420858ab5c4,0.39651493882810934
ck_97a8dac48dd62488,0.039538977390049475
ck_879cc3166fe1bada,0.013253897687239788
ck_b0ed11080076e381,0.005796671694273457
ck_7334a9ec656263b2,0.013718812680491688
ck_6494f0ef13ce44d9,0.0016318268158772033
ck_724e459b9ece38f4,0.33450414684676993
ck_7fd8b1470401695f,0.9120670307832156
ck_292f81186358b0fa,0.11005653345893776
ck_fa7de64d37287615,0.049065350089358986
ck_d00e09e66ed6458b,0.12709820902058622
ck_b8d210e741be186e,0.00267340531784055
ck_3db59982cbae4410,0.0018645580962569934
ck_69887d0a9aaca6df,0.001133476856772974
ck_4feb21e2fb0b3977,0.004241644301586533
ck_08c6cc1e143475e3,0.003207309434643547
ck_fe6e168cdbb46b9a,0.28105565551717177
ck_07f1734be7fac56a,0.014328296712572844
ck_d66d59981307db93,0.06371192130303388
ck_f928dba0d587d7c1,0.004191656634889527
ck_786448fe3004cbd0,0.0041568438127801074
ck_29ea329fa40ace62,0.022751648797657818
ck_7ea52b6f27edcb73,0.09090926893615457
ck_18bc51bbf3ef198e,0.02435648431231144
ck_44950df09ff14ded,0.00014392051707887545
ck_c1466b52c0a10b93,0.13681545969704398
ck_6cdac067cc4db5c5,0.013720555039996984
ck_53f55c6e8cf2d432,0.00018380577353152512
ck_95945f48453ca532,0.0644339728885642
ck_87cce4126e215153,0.0033007859125667545
ck_1ecd5516c92caa4f,0.00011632294422112741
ck_819b482bca14c068,0.7385291342693109
ck_a61a879dd46fc9f2,0.00030794899605054787
ck_af70aa32c009c3c9,0.028755906462858374
ck_f4fe78e249092ab1,0.025245929375043753
ck_12c46bc52bf45b36,0.0013102738022844572
ck_f05f5e4b40afa52f,0.07246599830763353
ck_0f8cb09d3f4fc980,0.14373232476177078
ck_80a64a7f0275a71d,0.005219979796149376
ck_683af7b1540a0b22,0.031776678786703365
ck_51fe0b613c076cbe,0.0009062122865377749
ck_da1a2450219dcf19,0.1720316772810482
ck_2a7eba01ceba6c2c,0.01653414262094036
ck_4e329e29dfa743ea,0.7342463339345799
ck_0274d881d6db82c8,0.015658462438441836
ck_0af5b7d128035b35,0.10633752996643421
ck_ae0a7be6b0a0ea68,0.015753277539485192
ck_de5bb7a4d091386d,0.474783155625862
ck_2bb7c17168a9d17d,0.003948169970670315
ck_0ffdff7b2f5fdfe4,0.0828781282216168
ck_718a8390b3d42d7d,0.008142879785097819
ck_7c4f12d70f184533,0.0019005803662839567
ck_d3e2c26b8adff099,0.002268245346478835
ck_ac9d3d9754104cf0,0.0009811331994039217
ck_3b1766a1d51f8f0e,0.16844106280321397
ck_a9bf75bea912027b,0.09522344638996917
ck_687eab3ffe1f8cfa,0.45632264958934005
ck_25dd0b02af5b2f37,0.6703685981973243
ck_1747fcc466f0ae38,0.003362655475814852
ck_f6e9d14dfb6f3c28,0.0779078301349703
ck_c6a7bbd0adc4d5f3,0.13966426898819717
ck_46656a23f4456d22,0.8075592929556183
ck_7519260415c2998e,0.024800276488484343
ck_754f30ea19df857c,0.05453798662635912
ck_ba88a244d5f7380f,0.005276124245609934
ck_f268416945316815,0.009725558259250342
ck_21860dd2159dff28,0.0022629784639163378
ck_7a86ef4e2beaec38,0.0009753200832320544
ck_0414507baeea936a,0.014970585822846352
ck_60796eb60fc3043e,0.0188944606609687
ck_1e0841ed17fe0562,0.02020392314454752
ck_0d641d32658d6e0f,0.0005369313783511123
ck_b36086ae6d87eec1,0.014204935082134924
ck_962e65ab33b5c311,0.9605704076179157
ck_b046a42684468e63,0.009254130786100571
ck_ab3426435b0017d6,0.10698940257898161
ck_fcfe06e44d09a344,0.014617212247776625
ck_0f6d916c92189516,0.29285326605033607
ck_d4c8f0d957c3965d,0.005270326670394927
ck_2ca83dbd728af019,0.005148454515787877
ck_2857a4ce9f72fbfa,0.0010016592747826808
ck_a60e6edc48e3d0ac,0.7695652020722014
ck_0cbd3b27063d4415,0.008319464875018216
ck_612089ec90c37219,0.028585764119531693
ck_ec4e597f17f473c6,0.0015451151691439416
ck_1c93cc58f314bf71,0.023663302037799244
ck_2b359a979520276e,0.011840916974057366
ck_1496568ddc3b2d56,0.008902550331067776
ck_41d91dc9f5063566,0.016890393683761832
ck_4c5ff58afe3d7a67,0.00039078276424397735
ck_81709736281fa3eb,0.003703939443120923
ck_d89abbab3d4957aa,0.012227971420514492
ck_52453401f88935da,0.010273938301110288
ck_a477654d34783e06,0.007044882422273605
ck_72dd0dbdf808cb00,0.001649778464398891
ck_c183dff3781746cb,0.0372897045379773
ck_c8b7f241810b45e5,0.0006558382278022959
ck_f88028c3f306bc70,0.0010514868316642528
ck_91d48d69e4f5d9c2,0.016624001118924515
ck_b74b9ba6d7c9aab7,0.3684981408492905
ck_03e904682dc73bba,0.0057368644135299416
ck_fc6fed6ea96a004a,0.0047504898706847406
ck_51efdd240e34c642,0.03596772371750063
ck_e78ab4ff52b5fd2d,0.07163737184750824
ck_4af7b97c24d89a45,0.1385031526376224
ck_295c0072eca7f7a2,0.0008609088168714285
ck_8abd1a50a9227463,0.0812783896088025
ck_ecaa6f13304e3dc5,0.0005003567671079202
ck_de436e7b319be1fa,0.9990012714874302
ck_c802cf8f61466027,0.0055000531043841745
ck_3d83e0a3c1cfbf8b,0.001627930401913891
ck_28d2003c2d16e4b6,0.001579746844837115
ck_8ddaf745bbb9cd62,0.0039725101782629455
ck_493b6256091014cd,0.11294096435452243
ck_a2245822cfea997d,0.00856625809809236
ck_f7305b3c64cf8a03,0.344836567087002
ck_9937dad93a0ed3c1,0.0030193904588118074
ck_d654449f9231ad76,0.004657005571530686
ck_850e2b59bc535490,0.5653787404411352
ck_e55e5bdfc0242aef,0.02609762870881638
ck_d35c51e981b98c5c,0.0035276131632324126
ck_27cdf9c5e6f0915b,0.00883271785225671
ck_d328db1e1052d820,0.014744501279263458
ck_0ea30eff5f361cba,0.003850045624087323
ck_9994323f97109f4b,0.9979606150011521
ck_09054e97bdf9624e,0.0036204801633973297
ck_723b4afc388113c8,0.01305703455281703
ck_588f6e6a6a6d93e8,0.419510951690148
ck_e1d563fab4d6116a,0.042433409735153124
ck_53aca610e20598bc,0.02209301334908667
ck_c8131ddc7ed33448,0.0015929238804343391
ck_899f88464305824a,0.03258053383706398
ck_1c17c65804f8889e,0.03874915227418134
ck_45a16ce12893cf9b,0.03614230643329563
ck_f9d481aa4f9b2808,0.5710800109031969
ck_1d5d74169cf892ef,0.012533976290694868
ck_aba32acb61c1aaca,0.07365055488899985
ck_ec4dd3675a8d28cc,0.008062818457213737
ck_5dcd443fe0bbdeac,0.0012467642612102956
ck_3a47e3f54475e854,0.005627397412835281
ck_a9aa5c344c315532,0.005182819337287632
ck_9652283c9f61fcec,0.0001827073982344879
ck_752dd3d2487f78ea,0.017129506143812336
ck_a821980ac4db9943,0.16647168265090362
ck_93e0d6befb67f7a1,0.1845114476642666
ck_e7a3881c3e36bd51,0.9644400775712212
ck_12631b78f8a03df2,0.0010466825842521687
ck_57b8226610b48854,0.16849845274426473
ck_352657008983fd4b,0.052430109202036966
ck_0841a5c24fd3dd28,0.05467241561324169
ck_db9b9d5d30f74070,0.23763191828553742
ck_a9dded7f6294e44f,0.06971493502564072
ck_91a16336ce3217dc,0.011428855860802742
ck_371bd9388b287677,0.004792711930240819
ck_f285e5e1912a7c62,0.005674852789922518
ck_368b65fca69fc415,0.052595275445078055
ck_d27a73596b6500c2,0.028975321495798498
ck_2d963f9b2c4d11e1,0.04409041304723034
ck_7c500e219af39486,0.007536097522215717
ck_7d025dea5951cba7,0.04604296744082044
ck_32f632706608859e,0.002659010670266438
ck_53816231f3ffb48d,0.03839064205766435
ck_9dbe184e81c1ca8d,0.06559549517062618
ck_d74123617f22a21e,0.003933072626568893
ck_275386782b1606f8,0.0005438330591635893
ck_0b0e79d33e50cba5,0.0016439125885253888
ck_ba93cb604f792915,0.009799057125299526
ck_a86cd653472eccbc,0.008193407669691765
ck_87771861e0447210,0.1788191620801393
ck_212380e0371d8a6d,0.04989994515454131
ck_ef0d702d7b0ed745,0.006838560001083664
ck_2b8f33e22f939372,0.9793192025669785
ck_480347ad92037105,0.007294397272744957
ck_20124c3a16c53ce4,0.005784656491416362
ck_c9e1e3229baae708,0.07980706731565783
ck_b1befe967f7a5ebf,0.05986553066580442
ck_4672167d7c989bbf,0.02869458042604495
ck_f0c44ee5e3a42e3d,0.1809428501649705
ck_c416357d20238a4e,0.0023099246035228524
ck_d0f470f8078c91df,0.0009605026641260636
ck_3a70b4ee59084715,0.01782652242230937
ck_179ed66cdfc1ce27,0.0021120042523143094
ck_387e5a7f163c7837,0.07615076541922973
ck_08fb463e69f647c8,0.9991664629354944
ck_732f725747393ec8,0.002515371486504595
ck_7cc5e0fa3ca5a713,0.005603779334987532
ck_ad4a4daa826ac68b,0.8540710301312066
ck_472e0be7a3b533bb,0.025905208252049405
ck_7190177963eafdd9,0.011076712302059352
ck_647ac26c5900f082,0.032443557528175626
ck_272ae2179bbd8e58,0.03154745094387076
ck_09b0d8af304646bd,0.006588285504447562
ck_ca0cc8ea9f344408,0.0178482086007134
ck_332ad134fb909869,0.03230854727049178
ck_fca2798914627dc8,0.03713417140995244
ck_4450b55f462ae134,0.0010409952037484453
ck_d67d9dfb60b286b9,0.0020804146412560717
ck_a9d2bb4f2bde7052,0.0008493659886598821
ck_929bcae878a3ecb3,0.7726170622117963
ck_59a9e000fa275e1f,0.017511921330756665
ck_57f17254e2688637,0.033926859082270486
ck_0508908697f60ce3,0.08195500165802945
ck_946afc2943298d26,0.0047058940455953465
ck_7176d12b18f2cc0e,0.03608890186851417
ck_5c47b49c26cce286,0.005615327717245078
ck_b6a2bdb2d335e1d0,0.9986653967173095
ck_1d58f6caaa4d012c,0.032149229151726424
ck_71c917295020ccc7,0.02203393576005098
ck_bc89644ae3688995,0.004005557078502855
ck_e7c212f16d6df272,0.0038150377411796097
ck_c6d2e11a368184e6,0.0033311563477683367
ck_eed7f1f7548df15b,0.00046530950897890396
ck_75b69034000ca7bb,0.005967540231885553
ck_38da3bf629458682,0.007283730238721557
ck_90114c891239d821,0.0002051269658231524
ck_8ee08f6777cc155b,0.0010740890926610582
ck_bd86132499defcd0,0.0016216792446963769
ck_b95fbf2b5640aa82,0.005856250719276685
ck_c530235393360e3b,0.006734901378190655
ck_be52a7ec43241ba4,0.08492310168719132
ck_d96eb3cc55f2772f,0.019950260915850677
ck_dd34f0a844fb115d,0.4785855698683138
ck_17cc7b411f448e66,0.33858156659616895
ck_856ea65fa27d06dd,0.017153176950425654
ck_056d5f0301c30902,0.009297237880675486
ck_e662b14b2bab23a2,0.2711599136131365
ck_209f574c8d92274e,0.0021334740829901605
ck_62720b81617896cc,0.01324323413835062
ck_041614694b77e599,0.018693130624947044
ck_461e3f7b97db8d16,0.016251296098059358
ck_1b74b798eebeabdc,0.008532317490511969
ck_0ed2739384f1d644,0.008560878005534804
ck_5a4d19f1b83feeb8,0.010481122323028157
ck_463937167965a1f8,0.026567281922330575
ck_9d7151dbdf100e0e,0.013322433790665743
ck_20a7d1ce6cc27312,0.0013746686650222772
ck_6031211ff118cf0f,0.0017831659742067127
ck_a6fc92aa91e99b77,0.9859026859322824
ck_0aaaa9d2f75a0518,0.00014857447794745056
ck_ec26e327cc1848b2,0.004544957394197423
ck_0e6bebf8ae9b9b03,0.00028354029374517455
ck_e107537a4cb738f4,0.004240196333368637
ck_e8ea56e122a5a487,0.07311468778546715
ck_98149ed45d38c4d3,0.14955949364663362
ck_0e719b3a6906b8f1,0.00367855030817711
ck_0c6e7bd357e4a348,0.004022673928356672
ck_d3b2b250da61db19,0.9615030295179832
ck_8bb6b0a292754576,0.6496475097956669
ck_87d70f5fe48a6128,0.10956505537976675
ck_ea9edf9c107d429f,0.01344569242702191
ck_059806c52cebe4f1,0.1831692227999277
ck_a72d6df666e1c21c,0.011449042490181888
ck_1d2b80ab6c4944b9,0.039587366855514734
ck_60557f077abc42ca,0.36109637162979785
ck_e5f5cb7dd6ce4a37,0.24697317800889532
ck_4c4a939154446053,0.0008878599155539043
ck_50ede3eb561a202c,0.013667929024518582
ck_6d03a542922b2ae8,0.044430714858718794
ck_d6fe761ed0db3270,0.013712122143517335
ck_7f0cd6ea3096f985,0.053841548183163015
ck_23edb6d938a3b87b,0.0005069033747427398
ck_799aaf9f2b9ef621,0.0035539311840228965
ck_f8f6a03613b6dda8,0.0007437405453378112
ck_7cffb189f4f514ec,0.9353963209503752
ck_c081e1967dcd811f,0.03675449967708908
ck_583d6ca78c97d91e,0.843026116785355
ck_9332bbc7125219a7,0.009405094071287088
ck_956b5af6d7d86c65,0.9415352771360558
ck_2d634e3f24681c0f,0.005924194139840767
ck_7b35d218ed0c5a60,0.0027926875225162268
ck_ca5b1057f8248f73,0.04813162412793435
ck_ec5ea81cf813597c,0.3446066878608162
ck_eaebaf4d28400fb8,0.04321017273758063
ck_ae2ab6be219219aa,0.006335296185914023
ck_d99a8b4c820eb46b,0.004825696264519534
ck_bcfb7ffb7cd428bd,0.000972123655173691
ck_3dd542c2d31be2c0,0.012078335763347455
ck_c7dd84401e29a7fc,0.0004336252663616359
ck_c4bcc7cefd40f8e2,0.0009148311846798132
ck_c251898b5d51e3b0,0.009157810608450272
ck_36d37be780c1291c,0.0029048232247504122
ck_99b4f266b61ae7ee,0.05823712388532794
ck_c37f03995f0f0169,0.0007980862574406787
ck_65a23ac8e44eb901,0.0026524955239447643
ck_644b1c1149eea9e0,0.05482195193795316
ck_9cf44eb0237c2429,0.011095300248632046
ck_20541686a94fb71c,0.08844322985693559
ck_c18245be844680f3,0.00596806219111783
ck_56de216eda6b7fa6,0.0012767475532237664
ck_406c4442dee45cd1,0.0002496880188075124
ck_df1585c7d72a96e0,1.0265835157780869e-05
ck_b8e8dba20676d87b,0.012085417712809054
ck_0ee6965e68efc177,0.01000335202794239
ck_c2a5c54ad8d0d297,0.040992710571815
ck_bf6fb7e6470e95cb,0.0013592297546899134
ck_27fa694569140345,0.0010359046605548285
ck_e04166b0ce66393a,0.03548186722355693
ck_8742114f4f0cb22c,0.625385148062576
ck_6eceeafd56b42576,0.12429411295326133
ck_34f9951b0eca1965,0.022886840800126408
ck_384ccecd342a24ad,0.0001654450199495147
ck_49c98bebd1338879,0.0007182748170245174
ck_6c26c12071c91ff6,0.001083588614062642
ck_01e5986ebb9a78f1,0.702197006054718
ck_121db7ba3be29ee8,0.00532343116904173
ck_039e6d5a330cea1a,0.03580943214630565
ck_ae8c9163cf957d7e,0.020769902263494
ck_3f5e8f3f1df0c8c7,0.044317724183044645
ck_b1c51fdafcd80122,0.02775181569380698
ck_12e2b5ebfe8986b2,0.005816856168004475
ck_d55eb81a4d543c59,0.004585095279780158
ck_f85155ca5c312c7b,0.05946169186780548
ck_133d8a1ac7c0e301,0.9992999178338657
ck_04212a9bb9b28696,0.9997949408340667
ck_4cc11c7d3ca61f73,0.0002635996298688512
ck_2df4854186ec515b,0.02505868173477973
ck_aa9b28e7fc43af79,0.6384165881585921
ck_47cad6c3def4c9e4,0.0025637030441321394
ck_fbff7b5da8111567,0.006400389496938849
ck_bd25ea782e375b22,0.02515882465029314
ck_7989376f8cf64a9d,0.008758280731918318
ck_675c0ca1ebb1051c,0.003608304340345473
ck_1436f6e11d4008f9,0.031999469413888794
ck_812cb3a4482cc618,0.09471044417659298
ck_6e606f73a1094afd,0.0030413743882873752
ck_1b708e2a4a0584dd,0.00931033864427487
ck_a60d6b324bae0330,0.015152057004490675
ck_706a4f673a9fda3b,0.8922777851202487
ck_a75ece9a9044eed0,0.00087389711494272
ck_9aa45c4e03c8c57a,0.00984001328410608
ck_9fe9bdce982b312c,0.1293415311448755
ck_c6fbdc5ba68a8466,0.01558148079346926
ck_ed0cc1b1c28f9511,0.023334185349524986
ck_a4e2607b4c8021e8,0.0010227947666512495
ck_e02f93f51cc8caf3,0.002742488880343667
ck_7084ed3cf20781b7,0.045594661805386155
ck_cd4c63155570d6ea,0.015030638965382825
ck_d1b9e5d32d2d789f,0.013271325835166752
ck_68f56f6560a7a933,0.044224289642350055
ck_8bedacc6233c6269,0.0169878706153289
ck_ab7cb50407d6b13e,0.04604775237901201
ck_f17ed7e0fd687742,0.27920813056168087
ck_b0fe4b92fc70f72c,0.004735891148801239
ck_84d62b8196da2452,0.04089859600085887
ck_9e298cae167f4693,0.005849036097988859
ck_405b20ef9ad0ba5f,0.03092046333572737
ck_813e02e1ababd177,0.017385109903279378
ck_f234ab47061ba7c0,0.0012489834979993687
ck_22b587c18363899a,0.01685599297134721
ck_4e862c2f48c38aeb,0.024398863994642493
ck_b89cb90a420c9075,0.018201426779361405
ck_be2251640f27a3c9,0.07733391985398459
ck_46bec0bff167ed3f,0.03571573424230964
ck_c0032232c2868328,0.012701726079752002
ck_030cf09525dba4ba,0.000185025579236764
ck_6ecf56236789fc09,0.9925272175200338
ck_38d4ed52cbe6d123,0.11644731915433433
ck_2d923d957ffd4d53,0.012629911513972523
ck_3af1eb88728ed8c7,0.08309143075133138
ck_2f8120ca80a1592c,0.0008204489029597933
ck_6cabb1a133f0b151,0.036348878339572066
ck_bb6cf7e7b707731d,0.7558864169247714
ck_c8307fecafa90140,0.008942353307840803
ck_75f968be67f46d24,0.047774999429096694
ck_df6fe4ec5a233213,0.0021235823496849934
ck_b53e88c0e927d896,0.0016970473956337392
ck_f0093064aa28f4d0,0.02102835883420756
ck_ec9976cabc63ff92,0.0025745391921160733
ck_30dac0a58c5590cb,0.6907400090528666
ck_348a525791ae6475,0.022953737563370713
ck_b898d912d1181ef9,0.005112575392005284
ck_f5b1200dc6f95760,0.27722420980928014
ck_54978a073e7a0b1a,0.04479826487801767
ck_55933936536a4071,0.002283438090106089
ck_d6ba7ffd2ae08863,0.0010661362938992015
ck_404e2217fd87fdd2,0.00186910934661965
ck_dfaafdaefa5716b6,0.013586525710061182
ck_556c62e92d4e7e5b,0.3997665801391397
ck_7ce44f4e06d58111,0.011736475240378876
ck_465cb8ce232c7670,0.0036743459800453316
ck_237508ca4fb37268,0.018660164738243976
ck_ba4a6b9aa63964ef,0.01608112995397804
ck_4802a0a7a1882c88,0.8396872992930077
ck_9478dfe4114c30f6,0.021980839749589424
ck_5138f6c575dec64c,0.03447878530898445
ck_aebb42afe430e2e9,0.0003592940523923024
ck_004efa95555437e9,0.007297117291781449
ck_11af112667c98394,0.006355753692648488
ck_44e9a18a8645c9d3,0.00028678809263684774
ck_2605fd571219e28d,3.1188843450999135e-05
ck_dfc933493561d84f,0.04052381536486713
ck_67674348e68d1f25,0.01340259192109922
ck_dd97429277a2fa00,0.029461649490741027
ck_d3eab7a06eb48348,0.05001368927171518
ck_0b9fcff9667ec05a,0.01376861808264772
ck_fc4bfd6e739bddea,0.0027054904138013912
ck_43292f70a03ddf2b,0.02150478152914197
ck_5ff6108056a3fef5,0.03145353370977684
ck_767e0be086b5f601,0.009405102301959291
ck_b8465b1a5666155b,0.023696995543101597
ck_ab2e3fc56f5b3aae,0.25103577728778514
ck_1833c81d693c1e07,0.9810389911157998
ck_0308e0602b856445,0.004099111542884132
ck_ccbdfe744acff8bb,0.0016936013911606571
ck_b294aa27a0b586d7,0.00162562915475176
ck_a3747201f377626d,0.9960077374456503
ck_edde1d7d1db24725,0.0432108518083668
ck_ae3b47d6e1063704,0.0016718948503129044
ck_3aabf5e0f4defb41,0.0014900976065427161
ck_f034adb57391f3d7,0.2468380267125826
ck_533672fb40531607,0.027117533511227716
ck_2a244f1ae08ef83c,0.011966323373111858
ck_a35d81bcc54ece2f,0.008782024333104549
ck_78a61215675b38f0,0.011662003176117663
ck_e013d88ea7939616,0.0019656758191024947
ck_e5018f9418e0102e,0.013655714251841367
ck_d4e024fcda401a31,0.002930028009825859
ck_f736cffbdb82db34,0.0001539898051156051
ck_1507f5aa50cdf3a0,0.014909365633580928
ck_18270fee7c8fcee8,0.00930313533673624
ck_95ffa1a805a1c9d1,0.001786444389520082
ck_11132d245b94d045,0.00011340608868609382
ck_7b93a622e40d8b14,0.702197006054718
ck_3854c08d17704347,0.11005993967105691
ck_7717fcb100dc4b5f,0.04677955209157975
ck_ba54e0a1c328119b,0.2653897345238198
ck_a7afdac4ecbf2de4,0.8130082218438307
ck_ecfb771ed2352085,0.02221632673691346
ck_68be4fefc85a6b64,0.1938879962184171
ck_dac7c50bd6d0148f,0.005773314781219702
ck_87cf36a03bd63c24,0.145098461236519
ck_8adb40b168b59d7c,0.004072002303207634
ck_8d2f62930777416b,0.023513590932051267
ck_9958b58da9e3c21c,0.02951168079836444
ck_9440335375701f44,0.0020643686787524423
ck_e2f88e202b6f700a,0.0033460350042331566
ck_4c7c50684827a2cf,0.0014187918172831036
ck_8a6ea4a79b1c7a8e,0.01175081741642558
ck_186dbff4b24a3bbf,0.16845774266478866
ck_220fda3c11c59b6c,0.12406309082757626
ck_3acccc69f8b1fd14,0.0034612376091055757
ck_9de191bf79afd676,0.01220080175373854
ck_6de6b1663f9457f4,0.0010105747161066922
ck_062754f8b79b86e5,0.003759912688438249
ck_aa153a89a52f7eb5,0.45632264958934005
ck_34a6bd3be642f15c,0.06070905394979813
ck_9371c700d9830326,0.043811551653718014
ck_a99e0c258ad7576b,0.0019556638513541676
ck_0a7ba51d626e932a,0.3500094599154973
ck_852c50bbba1ead13,0.9020982972965336
ck_43dc13b6b6d31297,0.09339535123343826
ck_7d81b59d615a6649,0.010452423642609543
ck_39a3f1da060e88bf,0.010167108418448235
ck_6fb2d142c09ed3ed,0.008060348118414447
ck_6e5752b87324b58c,0.014225952154719853
ck_9441d48a12e8a4bf,0.4757211571983417
ck_09e9c51eb538b255,0.015122679476351712
ck_8d0cd981ed3a183a,0.021092907540483163
ck_57c07c45269ca8c0,0.011627063754471116
ck_ccfc9ab888ba933d,0.010667034701292434
ck_9658a6ef471053f0,0.01624849338858634
ck_dac3852758f4ea89,0.002479371365341385
ck_b1ed2278f5f14d82,0.06798464815816557
ck_333544d173524f70,0.27710683187699525
ck_fd4582e3853ef23f,0.010482314253811853
ck_614d936cef98db04,0.0004646777517036158
ck_6bc351a3d57aac54,0.021440977713159646
ck_af5842fa7202ff25,0.008823175086277488
ck_81307759252571be,0.007387779527260073
ck_b4d2f02d2cd45720,0.2672186499355763
ck_1bd753a4681946c8,0.9970463078880695
ck_46d8c029d46867b2,0.13716379184070174
ck_b7da6640fa2f49cf,0.2723302409257716
ck_9ea3d5a5a91fef9f,0.09463648603809507
ck_7b922518f667f76a,0.0004524527045221927
ck_2a5b31594206eb30,0.884279281366046
ck_d9506476ad3f9e08,0.018844086241908743
ck_c8791f7ebd4d93c7,0.020077120815396626
ck_b5a3e20fd210017d,0.08722100475165233
ck_8e54386f4fe22cad,0.035760108426001545
ck_75296704f5806f56,0.04762398312955569
ck_0fbbc7a6af300368,0.002075976838409151
ck_d19bf4dc0627113d,0.0006840405075396309
ck_7951bd4eb99a0175,0.0020301077544718008
ck_059e4fac6b7f704e,0.002844697005922243
ck_2ce8931af02a2ce3,0.013048272347640987
ck_9e665618a4860306,0.0029701792581401324
ck_6fce5a893613fd2c,4.082232426198472e-05
ck_9e3fbd04e3532f32,0.4159006350362937
ck_55f2ef0de3420e3e,0.04027385527087358
ck_8d87658a6f5d204c,0.2229182530379433
ck_6d6ac1f5dd882aa5,0.00030815850944467937
ck_55d0c7012d7ef236,0.01743664891324032
ck_7738eb085e5753d6,0.05284569267195369
ck_0e6e05c3cc8c8242,0.11868297487197359
ck_8d27ff8383d48132,0.0018392431291880177
ck_9afc3bb849f3a64d,0.006207811109103274
ck_27eb86a9898cdfe3,0.005255781355912408
ck_1d40e4fc541abe93,0.23718649094415756
ck_4fd9dc00e1913587,0.9985981267379984
ck_b26cdb2b7b165d2e,0.2792091225384456
ck_a79a27767a02e31f,0.03241224289699687
ck_f0c18cb9f951a71e,0.09234719783284333
ck_50460e0189de6274,0.9608370570183363
ck_5e5280539257c986,0.002720386151497817
ck_eeb854318b3a6f0a,0.037214851478203206
ck_943f66f28dd24750,0.00015773167768653543
ck_984dd7452aee372d,0.028130634061340993
ck_ecaa6de0aca5e9a0,0.11387785430066852
ck_8f1cbc432e2774f8,0.014947362788042826
ck_d91d9f8445b9769a,0.8883919797990687
ck_73c18e03e3c7612e,0.002217375788313062
ck_aded05ada490da20,0.02016716278377747
ck_f744e208183971f8,0.00010695528015446158
ck_02d4cef6358ad3b7,0.0012028242976037354
ck_08ff5bd467226a5f,6.466718264144424e-05
ck_f824b326d5089885,0.29492560002393897
ck_3420f2fd520890f3,0.07167928305219336
ck_1838cf8d00f5b1e1,0.041751452229006725
ck_a85182ad90b6f1e1,0.0006640201322050971
ck_fecb39c82c43e76d,0.000481773386086928
ck_162513e73782929f,0.0025861828751709962
ck_2c27b77c59d8f23b,0.7608863843995652
ck_4221e07b17388fd3,0.05216866341686773
ck_adfb8472d5c3d669,0.008180348087096457
ck_0742fe64055d686f,0.00038537758661779693
ck_5060aefcc8b6f958,0.02966525347560663
ck_643f549b4ac78a26,0.4765018113698313
ck_dba767885bd6ad69,0.025020194659133597
ck_0dda35c0c64c7073,0.9964061117268982
ck_38ea56d43afa5660,0.011762992063923536
ck_d813e15ac91f487c,0.02321755296539349
ck_4c840e5585a7b167,0.47430771270639405
ck_cb8551453a7bb929,0.010649653775644643
ck_05a00b1dd5a03359,0.001713919083653639
ck_837cc7fd48453a01,0.0013090085703222683
ck_49dd816b31fba6b6,0.05448036672183853
ck_86a61d9a39768e87,0.004455251055217313
ck_cd0e76f0e7bb38cc,0.002790441317864801
ck_dbe58392635133ca,0.03503826145661803
ck_3caec7dd6f8d02c9,0.011562336335806615
ck_bfd9bfc5b6ab4a54,0.03394430622447111
ck_2103399bdb2898a6,0.003249210119910774
ck_329f7de7279e74c5,0.0094872684436997
ck_9bf0d28119fc42c8,0.6768186540490925
ck_f781539b1042dc83,0.010546099574595512
ck_9986c7d781ac6b4e,0.014596837359973518
ck_a627734880aca848,0.0001766924431766251
ck_2106e509d77fdb4a,0.7095545958417573
ck_420d1a9c604293ce,0.0019357143575402852
ck_fce0610c527e2b56,0.021990110809851377
ck_073da541ec3f9d3d,0.07571869680533787
ck_aa5f3ab48c17fed8,0.3392753970613415
ck_0fc1086e1c9e04b6,0.011147922435124514
ck_5c33bb46c1a5945b,0.02078422546748744
ck_500948a8d4bd8e13,0.01182410658985997
ck_19becd44f2c3d2b5,0.0035184105132658045
ck_7d0fe77dd5ddb656,0.7324188999820764
ck_f158d9e5f101bb35,0.02943069698055018
ck_cdd7c77823c2257f,0.02741081476234888
ck_6c7b41374f9b2e55,0.013313196131530664
ck_417090dbffb1a63c,0.026023121624368727
ck_dd0e17605f970319,0.004676037158960066
ck_3646515079e6be55,0.10441812625609466
ck_89c8b06aa8c84b2d,0.09709551410379615
ck_e4d6dedd97233c07,0.11628151138805479
ck_bc82fb1895fddde5,0.0010928611227923196
ck_88a8b1d442ca3686,0.07961048407513312
ck_5791f8f76a629a4f,0.13384365386378994
ck_9cf5e88e97c8c7ea,0.01119985047897515
ck_58fd684aa5a6f289,7.967733631312866e-05
ck_9800c21dfbd8e811,0.011906855662218817
ck_8ae64df60ab6ccda,0.03558020158857259
ck_e535fb0f0c00418d,0.05679250394178627
ck_48011996d54855ac,0.9664506077198283
ck_ac79c72a8fe3fdef,0.07701036624972718
ck_b8cc2df5192bc49b,0.011192378554248485
ck_e96a5e1f08f8a867,0.04251440234788199
ck_84df6770549e43fa,0.0015121055243804036
ck_e5f7b99ba6ec5767,0.04329050899823443
ck_8347455ab53ff620,0.006398657401577653
ck_a84f2cdf695a71d6,0.034823741855105096
ck_90456160115f9ef4,0.0028985100566720125
ck_ebd178b3f3a9c50c,0.006596604793902245
ck_e1140be6157bacbe,0.000801886821148688
ck_744ffc11d32b96bc,0.005127837491439574
ck_e12a9f7d027e3387,0.016469882282049847
ck_cbe525da0b69f18a,0.10580191194993753
ck_aa59702537557ff1,0.10561059489295672
ck_0348cc6908f7f3af,0.0008103264387129006
ck_120e995d50956bee,0.12185561643934985
ck_9fcde1ff46cbbea5,0.10506450543143915
ck_54b0b070689c50d6,0.00024273382477607813
ck_966a167758fddfd4,0.39650405029784014
ck_d5194f2e92fd6427,0.009345572739183003
ck_2ee84f3fa27f2cb8,0.009230423590914333
ck_57d0a7eb7eae2eaf,0.042828746475319236
ck_6a2c4edd82e10969,0.0004355554946922319
ck_96e4d38ef670eaff,0.0030909083106306933
ck_52cc2fd5095b169d,0.12973239366731776
ck_4b088920f3a844c1,0.702197006054718
ck_8f3ccbd20d59f1f4,0.0006760211880049929
ck_e5e5dc431bed6f9d,0.009624646498004293
ck_e8b5bfa6838e28d1,0.06650658823776785
ck_4bfeb78b47b7c6a1,0.022945710854493186
ck_a705c61bd679496f,0.01332981864977773
ck_731869a0c39cb2fe,0.05669884210425342
ck_259eb102342057ea,0.08702311912700533
ck_47a6005fabc33551,0.01639334920731028
ck_682262b455a9edd4,0.0006255953881181783
ck_e839d104854945f0,0.0009258250335859057
ck_761989aa4c47d746,0.010385310986283596
ck_44211dc210139ed3,0.024484108462583594
ck_9915ceedf63a5289,0.1513231029815043
ck_da59ab47cb6284ad,0.0015125609725060176
ck_e5cdbfcca2456652,0.00420512083893229
ck_13f2560c6a1ec62f,0.0007048995483019705
ck_a0543e9b3abe1001,0.19326728523989983
ck_11c7a58e09e6547b,0.08700610541284438
ck_69587a134d43a4ad,0.11811294054431612
ck_28dc0de0ae291f37,0.08233126310237389
ck_298922703c5bbe05,0.09282879031245657
ck_fa5ba9ed9ed6a343,0.008372176829570343
ck_c08e64d424e56c05,0.01947736958690149
ck_598e036a28262aeb,0.035344505406587616
ck_3f7c870510083a51,0.031731163176027234
ck_364f8203a3e98d36,0.9683744076664019
ck_7333cedb61506ead,0.012663624300386664
ck_1d96d7fd65f208b2,0.010662870948407609
ck_63133a79f23e2627,0.006682768412645672
ck_901d820e0b72abae,0.004858644450947224
ck_5dd80b3c01457bd8,0.07063151528253848
ck_c0b8067c144ed6c1,0.06621328311697437
ck_cebb8aa8c8f62c60,0.006095095528016387
ck_79749eca42ff1f5f,0.007619126609616725
ck_2cc1d9b587f6da31,0.27231603615782174
ck_ccc7916b56d42195,0.0002862313015718135
ck_e43e53cc7b8b8e41,0.01557186408930275
ck_4ab74a6e7450416c,0.0019451609028435803
ck_6e44024e9de301c6,0.0022370277822712395
ck_dd78cb6ae2866cc6,0.002489478573263281
ck_c363d3b050baf3b8,0.15134119774798077
ck_2d46291975f0dd08,0.0026312331607248767
ck_76ebeb5aee42f041,0.45632264958934005
ck_8395f004cf4d4c08,0.0009380020595621046
ck_de7259c3741db179,0.056643074216210135
ck_3938e92585df2b34,0.019637720915460854
ck_af69bfcf4f07d932,0.02350558997430619
ck_1723900ab9afe374,0.042583804967554276
ck_3d58628d1c853c8a,0.0038236374256025033
ck_12a074db100481cf,0.09824274381079669
ck_8716cbf892c50e29,0.0015358077576043349
ck_fbf7351958ad9615,0.008781491733090072
ck_a50370907e6b397c,0.2100617446348177
ck_937402a60df0821c,0.0009538421718900544
ck_8ce9c5807acbef48,0.046827264098617476
ck_acf7d65eaaa4c31c,0.0118251457829308
ck_ec3eb6dd0967cac5,0.31857967110944735
ck_fc832b0c90c9bdb9,0.9972052580590014
ck_8129e81cde280131,0.002113863180786323
ck_52c0ef68aa2fb8cf,0.01193745496050501
ck_06f042e9b1b662fd,0.08229192775954029
ck_0bf35dcf7b38f650,0.0005434372980338614
ck_615763afc2e17a7f,0.00041855224341002677
ck_e72db9d4b2fc9997,0.9952035484856147
ck_13757bf0eeb353e2,0.006676699002147729
ck_abaf371ec8249c4a,0.24152340163462677
ck_9b7167da0920c37b,0.17393755515662115
ck_2e824b0b27494a17,0.00965445831521228
ck_9a0b605e9c3220c4,0.06336432394127568
ck_a5276af466b681de,0.0006126604620632243
ck_9e0383e1fb6e214d,0.009022235564446155
ck_6a27c44b691dbfac,0.010810476967168458
ck_af39767cf583905b,0.028089512241972137
ck_243b1b9fdd3f9a74,0.00020550243729382342
ck_c0422e638a9c6046,0.01638946995841904
ck_e0f3ea3373dfc4aa,0.20583070209933882
ck_d56ee1654378ffc7,0.008525828982989304
ck_20cd2f5666719baa,0.0010031629787756104
ck_4dfa1c1e9b69fcc8,0.0030746082151322618
ck_5d22e9ca1d15180b,0.765444323034617
ck_f4a7ac178fd55f0e,0.03823723120339439
ck_fd5609bd23a1eaf8,0.0018460101173013376
ck_49c3bf13dc9471ce,0.11373750485664624
ck_724085c3452d4693,0.2651337270684147
ck_e5d1462846154a75,0.024873817651724615
ck_c69ef0f3e7d6acf9,0.22445691358219622
ck_a2d0417791d4132d,0.015131314170677453
ck_00a07fc2a9183c3a,0.0012533911715046418
ck_781b8288e54ba8f8,0.6895808765892112
ck_d74a62ab3804a81b,0.046294433383143443
ck_abcbde211b6267f8,0.014208224050689267
ck_16dbafc035574654,0.0007676165828377392
ck_018f780215ecaf38,0.027612395706462605
ck_0b259620eac51618,0.0006395630975465557
ck_4f875342394c110f,0.03988920740034869
ck_399e45e5fe9beaee,0.0019642275657868803
ck_36224a2d394ebfe4,0.14985742871139068
ck_c189b551bd111332,0.00044563555819130513
ck_125c5a720ecb177a,0.04551088629034985
ck_76d010aa02eb477a,0.00019017466681518986
ck_1071d14c46c92379,0.43923846142424694
ck_61d244b2cde483af,0.012757598630529459
ck_2ff1860da2004c84,0.0002242658968888601
ck_c5b583490198672d,0.004492281106150827
ck_1294f7af22fade11,0.04108063651394346
ck_e3a22799716df39d,0.004575339137732743
ck_c77e22834ef97005,0.4880008566596684
ck_73d3689728270a2b,0.0012979093875206183
ck_295565fbf77ef885,0.00034408190299159235
ck_80c0a7f54ff4895d,0.0032478840039019247
ck_f1ef5cf7f10b16c8,0.08220828933798759
ck_a958b2461ffc21a2,0.10328655779941939
ck_0e7899a57cd617d6,0.008639100174609742
ck_9d4fed252718f58a,0.0835907004665717
ck_83c2c34add971d76,0.0070337758676828855
ck_9ccc030ba2de9fb2,0.016808600027623376
ck_cd691e3466fb3742,0.002999383259299813
ck_49df70f908dfd069,0.14922790733753
ck_362ce13eec1e33a0,0.007183292904618871
ck_2452a30397dfc54c,0.003251291377066879
ck_a443d49c2b4863b0,0.01921385078657132
ck_c8b2e2cb349dd0ff,0.10935324495783107
ck_354909fecf5da8cf,0.009272639214366486
ck_841f598bbd54c83f,0.0768938818746852
ck_cd6fbd4e8724f994,0.04620009442568402
ck_e0b3158111370118,0.005768161507228517
ck_4c2f2eb657c2c60e,0.015597964014797535
ck_ef346071f0b7654b,0.038301800960943655
ck_f3bc10e3decefce4,0.0270884148947135
ck_189b6fbe9b9192e7,0.035561645220356916
ck_5245cbc5ff4d4fa6,0.012485943238440197
ck_cb42e3be6fe87f60,0.008151179619899342
ck_966d4d713cbc7792,0.0010910866957861997
ck_1c8c969667cbaab2,0.9626665356812438
ck_d35e3aa9ef5d405e,0.47750939860057795
ck_a1c39df50a5873b3,0.018720968336132803
ck_a152165caf295b51,0.010850273279146892
ck_891eaedae139828e,0.03127606249689127
ck_1a46b56f4734d52e,9.600016001009089e-05
ck_5e36042cfad96c99,0.3665968780437844
ck_02a8582c2603e675,0.008382671086235997
ck_6def9d0429e4ed4b,0.025502283292761788
ck_e137400825a1e3e6,0.01902746377371723
ck_d91ab840848a54fc,0.00012373056953279948
ck_becb6e1c608e0078,0.0018979130376937266
ck_6fd8c86ac719d7eb,0.07491385224394558
ck_3ed4d13f12fd9d0e,0.008081612454463446
ck_007337aa99a4891e,0.0018434309546267742
ck_60c3d8306527a08d,0.0018911215945166817
ck_95458880a54df0b1,0.6679237460209851
ck_b48cd8593533fc1d,0.7266242880141024
ck_021c6a4a7e3f1f0e,0.0004640672107116915
ck_764d40f865e710af,0.003107193876984035
ck_4b84357ae8ec7777,0.004736207321052927
ck_3397c7856b4669a5,0.0015087938898880437
ck_920bb003b42e6310,0.0010711225362487755
ck_8f59f11b512d5b7c,0.01904753487811037
ck_a3acf4b986afa98b,0.7346567860021681
ck_e89d25ed7bdeeaea,0.0038742417342702705
ck_70e6bca473bf6902,0.001539261391734965
ck_186161ce152836f5,0.009826213953372482
ck_9191579254663f5d,0.0008256916180546212
ck_1e6628879e9d653c,0.006122060159391003
ck_b498fa91a0776ff6,0.1266131809160979
ck_cfc2384f22954830,0.06447828138667486
ck_17673a1c2867888a,0.003002259809764701
ck_523dce06515b072d,0.07279070256903443
ck_c20638a325ead2e4,0.003382072806995575
ck_d3877e1f907cc148,0.010574900612135459
ck_e9a2495dea8675e2,0.011971029215773839
ck_7e561caa5fa1f3f1,0.05527676255813027
ck_455672e652fe1abc,0.909174776571847
ck_7f8f864fcc90ca82,0.0028595957010151313
ck_1ad36046aaeb816c,0.06769223489065715
ck_de056e37c82e8e00,0.0032236798838172513
ck_7484c214c889fe7f,0.09661247111379716
ck_32430e678c4f9f53,0.0004013784759512063
ck_6276ece8f80ea799,0.003132503094193144
ck_ae8e5dc4b725bc25,0.0030165107907124075
ck_f01be92dc78a2dc7,0.04784782196323812
ck_233397a8bd40d38d,0.0004938500093669179
ck_f8124911450fdf31,0.9936833292489401
ck_aa0a3179f1111674,0.002544807543572097
ck_2366b29ed9887a5e,0.0005109753551290271
ck_1f22f04dfc08cf27,0.002330901907044003
ck_b62276c3426d680c,0.0148601165262205
ck_d099fca88691f66f,0.08528112538787101
ck_166bd1dcbaf4d6fa,0.0028524963947908232
ck_7b1660e942436e12,0.01219681251271649
ck_4a9a791a1d409a3d,0.020165639052024262
ck_b003e5b54df65db4,0.04231905273740933
ck_64b4dcbf436f0b75,0.015206362751905293
ck_26e9a7bb2061a58e,0.26014471725319366
ck_08b77ad5f8f73007,0.29062786991951534
ck_366616a725afc6bd,0.09476483324492029
ck_934fb5064b6eefe2,0.0005793562700206831
ck_c6abd5d57b1009d2,0.0006941489353386902
ck_edcfa9e1cf29d813,0.003723060475781969
ck_c30201ebd003fdc7,0.031122356637108925
ck_c54643d94d3ce355,0.08050659428264656
ck_02adda6e91e49650,0.054025212607235806
ck_5b73d7c5255e58a3,0.24539016321699048
ck_129ffae92dc01408,0.0004589214288872112
ck_fa321945ebedb916,0.015125653256942753
ck_8da980cb2e1e2bfb,0.007922962442323218
ck_0576b00d728bdf19,0.09360656855372627
ck_c543d82e22b3c8a5,0.00038666231983881393
ck_0027ba644f9ae2cd,0.18159738254464475
ck_8dbf61df902a6bbc,0.0008850387362544101
ck_90eeca1cda79fd41,0.0015762737623374076
ck_86d7127391d4e01f,0.0013307782171330484
ck_73762038c7ff2f6f,0.0009899407568725164
ck_a1484e6215fac651,0.762379606047395
ck_cb83b9f806e90dc6,0.23024805519620362
ck_8c6f059c95872126,0.0004125719206947715
ck_3174419a81e7caf2,0.0014678587469095141
ck_6a0f8f8fa4a3c2bc,0.020834657349398683
ck_b5777605668bfca1,0.0016102677781765038
ck_27e4de495abb4d15,0.0009307053035757893
ck_7f6fa79c7a107161,0.0037799988081858946
ck_c36ed9f8e6792ea4,0.010395380768958613
ck_67a1aa88d2ea554a,0.16887115258354113
ck_09748dfe4df3d540,0.0014197922464923172
ck_27fd85b1e38b675a,0.009337516031007296
ck_2369689bd795ee10,0.0034455513621179444
ck_4eb1c12f7d092bac,0.0023705525455832957
ck_01fbafc42c8e33f5,0.03800979601577202
ck_93c4e05699b3b7d0,0.006467363442965227
ck_afc484d1b6907983,0.0007875263147725766
ck_1b2d9cae92a1aab1,0.026889911174303803
ck_73b729cb161487f2,0.02231274324602717
ck_fe3c1d0ac090d960,0.21956513208534295
ck_408efac1d3885ff8,0.03205624077671041
ck_ccb4dd9d0a48a76e,0.0026470125406103683
ck_2987eab34ca7805d,0.06824742727362669
ck_1dbf1f15193197db,0.11117354217475642
ck_4ed711fe4053e74d,0.9216881064217011
ck_6c54adce174f45f4,0.0020996657835916812
ck_a6c740041faf0bd5,0.0008111987014424398
ck_b05c4d33c4f43639,0.29613393177342473
ck_032880f1114dd51c,0.2785969091618914
ck_22311b037456a76e,0.00033371919884060203
ck_5866b413549765bf,0.0088915719968566
ck_0e808afe2570ecac,0.04009430168227707
ck_634276b05f4381f8,0.004568847883329024
ck_5d8773badd0d4740,0.0925212042822501
ck_82b5b79ce3517102,0.9893644703274159
ck_b378b8d8100ee4b1,0.05402792769615758
ck_54e581f71be5430d,0.00016005404145901655
ck_798ba4b8aa544fea,0.004503179914737943
ck_3fe86b6331ff95e3,0.07360965160437301
ck_81275d9d4c559e6f,0.0016056959222308228
ck_99a4e5ef02d89493,0.10530017334431926
ck_54e2eb018d947790,0.007396092689589745
ck_966901ea9c77cc02,0.005446282741121152
ck_27d69ff4e0cb428c,0.017720196583241393
ck_2cee2dd7bbfc09a0,0.9761694647187812
ck_4136b00924695ab4,0.0006988192599055008
ck_59a164c40c03a45f,0.005241667915284714
ck_3e24b026bc66789b,3.4233773131989224e-05
ck_8105bcf69a75ee47,0.00756981808701357
ck_7a1782cefe26a456,0.06851386018957793
ck_970c7dc195161272,0.0006726479816976113
ck_a48ec0c00ae20e82,0.06737219689040735
ck_54b374ade34e1dc1,0.004202186831496534
ck_74e5dec189761d14,0.0008784589735476994
ck_4717f24f2c6f40e1,0.033188580372927844
ck_fc8cd8a8209e802d,0.04190484219344029
ck_71db4131d7efe218,0.005650372012245948
ck_45424ea6f0bc4650,0.5718914384734837
ck_3716c6181a5035bc,0.16118134842092502
ck_26de14b96bdad4f6,0.03076977327680993
ck_99c0a41ac9c73857,0.007400524097085928
ck_645f15bbbcff3b4f,0.9987287948265879
ck_b7e25ddd41514d4c,0.0046180558055175435
ck_d5c14e877ca7b755,0.0013143720940420834
ck_05ea4440dac6cfad,0.09069665727252481
ck_c58bafff7b1955cc,0.021768567200173436
ck_f0cf85b67a9b840f,0.022455969192998384
ck_ce1500a7f0d03fba,0.013321272782530922
ck_d4972a775aadbbc8,0.006449143054290009
ck_3eb6146c262e0fc3,0.0004321592236545827
ck_afb23858a4ef42ed,0.9984279740970173
ck_2c1def5c91c52a5b,0.025630603898840792
ck_72e550559487b919,0.007080416234089965
ck_0284dc2b4f856b3a,0.6478617073086023
ck_03be334935e999a2,0.009876327439019283
ck_e35a4b4a3cb4cedf,0.017097295103606615
ck_5abe57dfff4b735c,0.00442410406868082
ck_f5f87f772388efa0,0.014829510731293963
ck_5a22cb36d612236e,0.0039057587786085553
ck_8ff1e6028e764472,0.9960044510202011
ck_2ab28149b0986642,0.03253406910640783
ck_c88fc1bac79fa6d3,0.07716524504137282
ck_5b137d74bba6b1b4,0.00033907443015554673
ck_11f362dca2dfaf5a,0.023597134656129032
ck_7f960541e5174565,0.004656488004350831
ck_d5458ba39ae94498,0.030241717147829906
ck_0a921a73a90c2e39,0.15180151903762185
ck_6ad56ef40086dbe4,0.009826213953372482
ck_b68199ecccf2350c,0.0001718211348049363
ck_6dac66c8198c07d8,0.018367691352923286
ck_9b9ce7bebc235fe8,0.0019454671437613782
ck_6b817117d87063a8,0.016633199057112445
ck_900d62b3184378c7,0.0036738406832528547
ck_eafe9b89857149b5,0.0044743880140023454
ck_e74716a525ee5b24,0.00019253650766348212
ck_4e9a6f06ab134102,0.0049161125387493735
ck_b0d33b5a3716661d,0.0021744361606790955
ck_8703543bf3134306,0.013950516630701069
ck_923d6a0f83accef1,0.011198322808558151
ck_52e37e2170532e2a,0.3109045133968233
ck_c1c5ea839c58958a,0.02024890712957208
ck_660f0006780e87e7,0.0047391040549041065
ck_830b2c5d1818ac07,0.06215770903545609
ck_b080ff636932d1f1,0.0019576969915161275
ck_38730aace405f2ae,0.999745144535025
ck_9790138467a06223,0.0005283730787172015
ck_10de0b0d86b17839,0.0006433393395283332
ck_c3e37a4d3382c32e,0.00019516135876688836
ck_dd8edfefa1eba531,0.0038343530714201332
ck_8153cdadd300d234,0.0006123548403435027
ck_74d0e7c2c6b63d36,0.9437891148585118
ck_c478aae3031bb328,0.010191760495309822
ck_cf301f2194975866,0.03931221844599844
ck_f4de03f44e3a5bd5,0.03240330647944725
ck_b06ce826e593b210,0.14362682345069216
ck_2fc70b6baf6a0e26,0.020268405777689815
ck_d208494cf5c90047,0.09941470816579163
ck_086d29ccae565e5d,0.0006236568592877072
ck_d5ef6dc116dee408,0.037048266511221895
ck_fdf0c5b722d83464,0.0072007431873683915
ck_de8494b13adeffb5,0.0036589915829778213
ck_556786868599143b,0.007644613064604634
ck_4940e78cbdcfecf3,0.10001938243442934
ck_d32fbbfe32c00416,0.006402222674153777
ck_bc7710f7e9fae649,0.005519293033803995
ck_416f7ac57da081a3,0.010236857654856062
ck_6fb39b60c67d5475,0.0018042614462558755
ck_e40a156511345d6a,0.0011260500734916103
ck_49ab879b5aa7fccd,0.21292577720237477
ck_bb643194d1cbc47c,0.9972906264221225
ck_b3ce8f1bcedfa043,0.022891415960565445
ck_558ebde8c29132a4,0.014090934128954931
ck_e6222925762273b8,0.03874001039287465
ck_bd80546b4807dd59,0.004422959893210709
ck_bd21164bd2bbb635,0.004243793779744292
ck_ea835557d7043667,0.0073246615240536465
ck_1411a80a157ff39c,0.009540986957614536
ck_ab973888c20c9120,0.13044021467265784
ck_95b48972061abe82,0.004454741412315935
ck_fc4a43f8876bf10f,0.45277894424916465
ck_f34fb7ccf82f41e5,0.0030046747326885376
ck_5af9934a56801ac0,0.016302731983711197
ck_fc7445ec76389a58,0.5337828041988697
ck_1eeacc26f02fbba4,0.029026000946149946
ck_4f325dd15c9bd45c,0.2226671897074678
ck_5009a6c8bbaf15ba,0.3078997173515126
ck_0f3de7f074bb33af,0.0024378658024689693
ck_2cbc2f93a32eede8,0.02992540993869281
ck_4bb90a61c21a303b,0.004377016883931794
ck_3ade9eac7d7b0dbf,0.01063139528633259
ck_4859a58629622915,0.08077858439945408
ck_5fed957287ebca03,0.0016321797732092892
ck_ec01ae5351500355,0.0028365917127608628
ck_703b41624ae6a5b6,0.00896133249382808
ck_97c38e7f61c27e47,0.006230073297824081
ck_db2c0908150cb2cc,0.03317801861311821
ck_64ac5e6fed86ab60,0.9346268579887004
ck_da1c853b0a061e83,0.0290028251801992
ck_9a36916b60178ded,0.9450135771610411
ck_3715bfa7fed2c675,0.0035985572834612047
ck_dd3feb77d7d4f6d3,0.016197145797278566
ck_982ebb24174a4ade,0.008926941557503386
ck_f6b7a10d47dd9a1f,0.00631836996590922
ck_1f56fe99f250cdf4,0.11278402561700136
ck_deb3ac0606d6f6db,0.05374858767778244
ck_e666629e5a41b39b,0.09826084694590252
ck_756d2c13d02b3e09,0.0009077936847080987
ck_7bc752ae7cf5d55f,0.03204527095826951
ck_fc0cc4b25e6a8194,0.010454479058856585
ck_9b2b0e286de78a1b,0.02732421232627143
ck_24b0803447211bf3,0.07769714434086189
ck_82eed68d05a42128,0.006788120473782236
ck_c8a03c516ed5b05c,0.037904511956335575
ck_e914974cee1bccb1,0.01075013049337542
ck_0c533ff2d0f9962a,0.0820922444659258
ck_c12805fa5d970a83,0.13928965285696882
ck_fc2cb29918631f10,0.25313770945697733
ck_c20e89afe575549b,0.007862250340594555
ck_e1ff9e31becc27ae,0.0708133588382584
ck_18116d0ac08f1996,0.951115081055873
ck_885a83975cea5e64,0.0005927141640331273
ck_a0c3059a959ba5d1,0.1315668503725652
ck_75257ca7d7da2861,0.05640437271158192
ck_2210f7a0d13bdbef,0.019873456462775833
ck_9cbd9ecf8374f65f,0.025751770206673998
ck_18f67c00ba21fbde,0.0011371487670342449
ck_2d28f14d3973d8fb,0.00011430728569721575
ck_8b3401b44aaae728,0.0007322399126125654
ck_9d8e9ef37797d3af,0.5801657669637975
ck_9f50920c894f64e1,0.03163284013623004
ck_4737e0d56c6fa0a1,0.07101786717256092
ck_52c311f29ca3aca9,0.00022584312453339552
ck_6a4981bc721df37a,0.01326012824179426
ck_823539d936c55fc6,0.0002984803746729539
ck_df5aedb4118020bf,0.9874741709026804
ck_a911a066ff0f7b56,0.1921359012410432
ck_684609767df4a14b,0.0891917128734014
ck_f2350bf355dc919e,0.01887235463194819
ck_8452b6cf97c65a5e,0.07056846933311525
ck_084cd84501012218,0.9360981429354519
ck_ace6b72e5bf3e93b,0.839354222621024
ck_2afdd69094c955c5,0.12101231745223374
ck_fa7d5be26bf7b31c,0.45820558012284485
ck_4b041217690fca2f,0.1787051484644028
ck_9fb8e3d38cdf276d,0.9316752557595275
ck_c1ee56d65a42f59f,0.17137247259798813
ck_fdeaa1cd085691f0,0.03907368124860681
ck_5de33a7a87e9aa62,0.06468061759409106
ck_7476e7fe1ff45545,0.01466247420118034
ck_b0a947b498e47018,0.1118252799992425
ck_e3894ed88a7977e4,0.0022371891510863284
ck_c7e07ebfb0bc15f6,0.11146041897345302
ck_3a3daa8b376f2a18,0.0002662362198093217
ck_87809324c2675b0a,0.0039026506815767266
ck_7eb4f33260f1dcd4,0.007169799841711256
ck_ab9f0e08af030060,0.034214922575824425
ck_5b8fc4a76f340797,0.04083947008269745
ck_0e7bf10ef49aa818,0.06291943110426572
ck_a44462a3853ac67e,0.9992006413939869
ck_2d14bcd2e0fc043d,0.0006018820233804313
ck_df1f2dba802296be,0.7872828292890687
ck_466a7316eaf149b1,0.002985945862075222
ck_50df50af592b0c06,0.05759691942607954
ck_5f9e34c849704b95,0.003955757626316529
ck_7836bf6def26aa87,0.13577324286610648
ck_ba175b1bd8efaabf,0.014972730989833467
ck_1a0aac7f7b94b1be,0.13819130018048398
ck_6768c4b2aa8ce586,0.04299513633601091
ck_eefcf0ed15897898,0.002217397935499059
ck_7a6cb27e390b6ceb,0.2173274932427813
ck_5275be4e1577c1c7,0.0023814704576433426
ck_6bc0e5b8c0b7d2bd,0.14960775543026136
ck_4874bdec79f9106c,0.01657705171338756
ck_a678731156ad7bd2,0.42985358901431064
ck_db906debc36a5d1e,0.06312553546803745
ck_e87897767c612942,0.19672644797373667
ck_45ed5ee496ef8a67,0.023791548999811375
ck_ae20e28f9854f3ee,0.10186340711421077
ck_9ee044b73943a90b,0.042450042470126105
ck_dab34cf6f0626c9b,0.055672197123914274
ck_64a02b7b96149810,0.0011196180201976842
ck_c417d06f3e94685d,0.03842319295299965
ck_3e0149cdee4cb294,0.015618335293441522
ck_0e6046fc30f81705,0.03804324106710569
ck_c383aeabd53e9c89,0.025549748302603023
ck_2ef76f1f36e8b869,0.462329759849701
ck_43948784650bb9ac,0.005581040055101633
ck_bdb966f43ac350ee,0.015399180116910053
ck_5bea0e0ee0b094cd,0.002339785762568807
ck_dff090f03ca5529e,0.003382063772536634
ck_a4691b57f837d88e,0.003424050442988572
ck_99ee90946395d74d,0.8390230076681039
ck_cc81dbc83a8879fd,0.06323764389585607
ck_f3dc0725621b3a35,0.0007782953349246801
ck_1bb212d1288b9689,0.04677269391327285
ck_9e7278fc7679f002,0.04071639558169375
ck_3ded7a8720d7e311,0.004024775185276477
ck_798157bcdb9453e1,0.0020177345440680113
ck_9fba80f56f357fe1,0.017869533866930257
ck_f1e1c8491f16f912,0.003289748405506818
ck_7b1319a5ca2f63c6,0.9930130543950897
ck_124432fd5c92af7e,0.8848859247160319
ck_148cb0c723284dc0,0.0228021132537716
ck_b56c62c950eda009,0.0014685265570011032
ck_a0498755cd8d7188,4.1903573376353526e-05
ck_5379452a9d74efae,0.0013473882205115855
ck_6c2453229d608183,0.0031740325693067574
ck_f9d8b4813a88c1e6,0.019154197942551278
ck_c2c7d1e45a521857,0.021779274691006722
ck_4364a83a11743888,0.0013864092822242725
ck_2cdf5fd97ba75e06,0.24828631727740408
ck_71bc01291e0533a0,0.01897422838492845
ck_a725d7aed2a0bdc2,0.0011753924835058575
ck_a9b0c4dbd7db6a91,0.05272244228288173
ck_a4258806a533efa9,0.0099934768071152
ck_905e460591d9a278,0.18452813142261773
ck_20de8abfd8960ee3,0.047013095480877246
ck_252b0a0f1119b220,0.00027511893773476064
ck_95e4bef65c36af1a,0.00026727874641931803
ck_5ab68b434ad53fea,0.002211114269730792
ck_13677a1957078827,0.0028464621278261144
ck_d251e9fa09e542dd,0.9998890479294641
ck_700cb620f300dd47,0.005703078050363284
ck_39a68c55a1bd3ace,0.7840075535964984
ck_61a59a7944d6c53e,0.4506321408629608
ck_db6d1c6d31da967a,0.004110747268583471
ck_650020c500b1b50d,0.011748679552279505
ck_d812eb6930192793,0.002630849112224944
ck_92f6ebc11ebca89b,0.5680944454042496
ck_d87e26eb5bc84b01,0.000342635698599599
ck_66439e697695224c,0.004062215392184254
ck_f21efd504faa654c,0.001942278454776019
ck_15eed0f5652f0352,0.007970162434860897
ck_bcdbf57d98dc0d27,0.014480864802661739
ck_873ceb8004d3a9f7,0.24862336689072737
ck_70bef9ddd4bab005,0.0008225480886147196
ck_7560f1891d66f294,0.0001859906966724156
ck_f439f16f8693883f,0.0026502037731454954
ck_14f9535e53f9c7a6,0.0011847468069790751
ck_5984be472d2bc267,0.05864428311637952
ck_ed01be7504dc4187,0.05572759556893711
ck_dc3d8b5c17b67ae9,0.0004363260775161726
ck_9dc23031b6b494af,0.702197006054718
ck_fbdac0221bc03f66,0.009149162683807648
ck_863708a99b92ef0d,0.06331872198071535
ck_22b52654776a1ea8,0.9413783861498943
ck_a0714f98001efa0c,0.003765114111312275
ck_9c56114f84e9a541,0.0025116974102830027
ck_e155cf506b2fb699,0.06251053240670636
ck_65ed7e72f24731e7,0.013626982975979475
ck_822d6e8e43befc72,0.5094769353064775
ck_b1182471d9ac6b26,0.004964950585078665
ck_821446adc95e6da5,0.004984470245920388
ck_ff182f033134dbb8,0.03433304543202048
ck_9c5feef7647b0588,0.008654809967896662
ck_df935d8bdd44883e,0.010983528392084437
ck_01eb24c18ad11fca,0.11460344441435531
ck_00d6730134a1eb51,0.011499047068321869
ck_79ba8e85678d0224,0.00065652993104166
ck_97e3b04a1350f6e4,0.03865640944196696
ck_74e9747954a46eaa,0.02796168123301597
ck_397d5fcc9972f909,0.1921359012410432
ck_9ede89e8a43c3f53,0.04955732110760662
ck_303b33910d67f306,0.005060773531058429
ck_3c17841636f6f7dc,0.03250021317131005
ck_78730527f8ba1438,0.2085329965694151
ck_5ee32bc6bb5d1d4c,0.022563163935125554
ck_a13fee8cd925d0dc,0.04646709436724544
ck_6f847263379f2e43,0.04310701663764606
ck_9b9d9e579e7b55b2,0.022754324599030703
ck_87c1d0a79e79c84b,0.017672293111826075
ck_bfc453eabb472f91,0.00970679867598562
ck_978c21bb5fe3171e,0.026098492213607747
ck_dd882323474431d4,0.02079397897916512
ck_533c4f7400d5ab22,0.1250141278832391
ck_5f217bfe28954e75,0.9989664347656753
ck_ae96d35465b3b4bd,0.0014202554760227148
ck_512ebe97c0af94dd,0.16759704404796377
ck_f558fe02bb0219b8,0.1348388963776025
ck_84092e23d5ef4d51,0.02050791374966091
ck_17d3022ca12eacd7,0.019601626201462326
ck_8a8f81bf3558fd9c,0.008084513189442973
ck_0ada6fed1864e7c4,0.09705489725769599
ck_21fe7bc59dcd78fb,0.005578181274859331
ck_e136e20c1c74fe38,0.0031165863167924956
ck_e7a530e09d113dd7,0.21681840118139303
ck_7cb0c9ded4d63027,0.07724951479717512
ck_102db9615e722c9e,0.11124518408171509
ck_129e39ddfde92eeb,0.0009425177171397161
ck_d730ff21bfd7769d,0.012570220408759014
ck_54459b45d2be8459,0.0008631930998528194
ck_7f1c20319eb60aa6,0.9997852873305029
ck_939fede90473e412,0.011564891719813144
ck_e0f9506a6d5f4a1a,0.02520396530338055
ck_9a4967cdf49265cd,0.1662404666120242
ck_b9eaf03453ac7d5f,0.009241209188576413
ck_522477be6376b450,0.0030873363151135355
ck_9b6282e3bad50710,0.20526570283967327
ck_a0e3a2facd508e49,0.005670100827994563
ck_97ffae702f7c3d08,0.0024241038587339784
ck_344a95cb7115ec67,0.0837345325950678
ck_1f2760764afa45e8,0.0038124381384941042
ck_720cd658d11ea428,0.00796059067577389
ck_04e32ee9834c088d,0.11089529636022002
ck_2bb1389e5e72c8f4,0.0239716841061751
ck_961e7dbc217cfbbc,0.00208955133686001
ck_f3bce4eccfa6d6bb,0.00701537240500739
ck_e0ccfa0d689339be,0.007185652676070494
ck_98217aeafa0bfefd,0.0721497531273111
ck_a02aeec1914c158a,0.014332577703298283
ck_20a17e8f206a14c8,0.005863591098728546
ck_114c32aad4b6183f,0.4502354752260321
ck_79f5198f0decef20,0.0009681290503100805
ck_2209de229b4c71c5,0.020350754325920883
ck_6ee939b7f396975f,0.005352380712426609
ck_202f0c14b07ace01,0.1379520439862903
ck_fa24db9d416ab904,0.001691208237848796
ck_cf6aa24b92c4d33c,0.16421872816439786
ck_45f57fb8194cefc8,0.007035307599363652
ck_d5eb179dc45394c6,0.04964858676112628
ck_efb24be983342f75,0.016471014004753447
ck_245f5d62ead5ef28,0.04029180804014369
ck_15fe2a47fa7e92ea,0.010545179518285663
ck_b6527a85fd682554,0.001475027804041821
ck_11f9390a11ce9ff5,0.048068460477172455
ck_ffb4d892c5158201,0.0004468138029578625
ck_d4c1da5a1427fd6a,0.053782712527913806
ck_2c041b1efb1c5063,0.0012706688331909325
ck_ecc18f40b33be769,0.1629336083750052
ck_0525349f3945375b,0.20972196676022706
ck_0bfe62e0c7eab9c9,0.028591486990549246
ck_b7c37d410b1646c2,0.02052277926130296
ck_4b15b0746318cf42,0.39477350983813947
ck_e5ee006ecd8ff661,0.04216576698143142
ck_ccc83cf66365357b,0.152714832240734
ck_34a33ffe8339f66d,0.9981944263338305
ck_4e39e3b165edab58,0.8577024938465344
ck_1a71f8081ae00190,0.9921050926125806
ck_ed8f1200fc049c40,0.9815891684824231
ck_8a5a57858e8c77f3,0.1799261277825675
ck_fff9fdc2adf5100b,0.9562894084262723
ck_c76f1bf40f3b787b,0.0007179491350896136
ck_1a6ddfeef82b1b1a,0.0015319463686677727
ck_478d2667aa9896d9,0.010618622675752797
ck_641c8e7694b21f3b,0.02477071757546843
ck_293581d879f6663b,0.9459656387460991
ck_1bfa8abdb22be8f0,0.022277229899037427
ck_05ab5b03d0bf9ce4,0.5921328891620183
ck_35694db37f0cde7a,0.0005817666579001799
ck_fe33eb743d714c03,0.0064109393374793405
ck_abd10fbcbaf2b038,0.001325098919436921
ck_46d51648c1bf80e5,0.08051360794227662
ck_5c8390017fabfaef,0.05174025772007087
ck_87d55ca333f22072,0.00037639358108505604
ck_c39c6a1453e2b92c,0.0006837660855499437
ck_69ff1b0aa143a168,0.0002409779048056403
ck_e57c79eaab35ded7,0.00983919400462046
ck_463ae759e2b6ad1d,0.011967590417614684
ck_0dae4a7eb587f3ba,0.045379668079578446
ck_9b12fb56529ebc4e,0.013936610965131211
ck_1af547077ba2dd03,0.254516928144746
ck_de13de941bebc7cf,0.0015529201606784464
ck_83dde7da2bf647ac,0.0038289042145529762
ck_c80a94d4660041fe,0.45148075189891973
ck_f39cfeb277ef6528,0.0012694159975579202
ck_1cec1ed1512a2d3d,0.002627134191205191
ck_7955a359b6448799,0.002472266222355483
ck_8c0955dad13c3ca1,0.00291108194822645
ck_6d4cd2de601a2308,0.01519091443456633
ck_f4536ba8dd2d551d,0.0062186667902235345
ck_b379c198d6db2d62,0.0410090438662326
ck_76ea90ebc74bcdc7,0.006292570947479473
ck_734f06bd4aa92781,0.1254763749092657
ck_677e1d0c14cbf569,0.001693840610365795
ck_259271c70f3fbcbe,0.05702541399854116
ck_c0b744eb9e7d4eb7,0.19139656091645363
ck_3d41faeb96802f68,0.00046243017723976567
ck_8f604fa70fc3c8e3,0.007892402662705059
ck_0b3c3bea0e0ed339,0.04980099272655576
ck_be5df076b8a86409,0.02084454118597389
ck_6a475fe324d7d790,0.0015423002146204225
ck_3ba3fa5387bacee8,0.0013278193723828705
ck_324b9939d9c1c31e,0.012913567563258052
ck_a7fcf7b592f68ca1,0.006653620937406494
ck_5b2728f7cca414ae,0.00016116607146691718
ck_5f4a25ffd0b85a47,0.17625324305475254
ck_63d4f5076fe4406e,0.00021769976025550977
ck_af528d66c86f0cb8,0.010345964968834722
ck_ac7cdb9b8da7b5dd,0.04145813434387985
ck_3bece63711407e25,0.003119072408942255
ck_d4e0b2a12fcfc35e,0.0031560502167505143
ck_ee3e7c9d3a9c74b4,0.08026334695077648
ck_50d7c4dab837bf66,0.0017248840217543471
ck_ebcb93a2990fc914,0.03562917612765415
ck_2329cc9702cdf7a0,0.04256076555046118
ck_db1fa53d588bf99e,0.001743293025544355
ck_44e57a0bad5a0745,0.020750433509832758
ck_472c81a144f4631b,0.00030063146675672457
ck_1658429acd5306ba,0.007900587628311298
ck_466103ec5bd9444b,0.0020345226235521084
ck_9757163e25262b74,0.01170871433142019
ck_34ed59bc2c9b0186,0.01343487731920859
ck_b7bd3a7f263f4f29,0.3401694692600792
ck_149662b09d632e41,0.04556085636511851
ck_a9ffd6b3957bd41e,0.00690516592382786
ck_ab80466ef615e85c,0.0005000777646162973
ck_f2c824d3473db24c,0.009456481536336263
ck_a4a01fd45936b078,0.08914444528718805
ck_8f6ce158c2902877,0.0008127298813532548
ck_5189a302cfa7cefd,0.0034326902615770516
ck_430a3d03be588201,0.009262751035523733
ck_b5f9dd00914b4db4,0.0015897507851591693
ck_52dec82e9cf6135a,0.0008339597087478906
ck_95e444a01e2ab4a5,0.03127546133520638
ck_e37cee7b123692af,0.0054200559232365966
ck_d68d42858a55adff,0.03523110042209943
ck_3abfc010091d679d,0.01269579499421343
ck_cee4e4e1b62bf82f,0.027167317614722526
ck_9ccb17c35e636c5e,0.0011683024066429853
ck_f72a5a3b0d6c1177,7.764467624112437e-05
ck_7508aa554fae6afb,0.03174453143250393
ck_003aa842b7ca1d77,0.7548412053715994
ck_83b2b192f41ee2bc,0.1719459912900639
ck_64796b6b2c3c7f06,0.2048017716021415
ck_6438ae81d43cb196,0.015427768077549784
ck_2bd73d9098504760,0.3233029641227438
ck_aa8b9b36a099e4c8,0.0019950601708847954
ck_e5ece47d0dd10526,0.045548791694064686
ck_16077ac345472e6a,0.009081035454292325
ck_a4d6e152b0076964,0.0041218346301962125
ck_d90b1d03ae151f62,0.012712540845614522
ck_18b36d342b530af4,0.018537998897872693
ck_2a01e610348b84f8,0.466746852276076
ck_0a93ed76bf36c8b6,0.3291672898979664
ck_3d56b477fe2370b6,0.10146803439716971
ck_17ab3068fa303682,0.004908528634820876
ck_592a3520d841d11b,0.16747365442341897
ck_84d07028b5fca2f6,0.036806264451093966
ck_f4a2bb10afa85743,0.01298992229677582
ck_4fe4b072f03f2c1e,0.0007659111865714101
ck_9ad08fcc183ea1e7,0.0012003149966462448
ck_130d3848b9dcdb05,0.006456145226192699
ck_bb399ed6bf28c230,0.06021047487041153
ck_a31a64a39a2c4941,0.0011602660281348452
ck_c49f25dfb39909cf,0.06117700822143417
ck_55f50a9ae2db8ff7,0.04975356808197249
ck_09faa4e771cf876b,0.004361171067449106
ck_df520a7a6e405889,0.03875673583695546
ck_8c8c98cc694ac900,0.15381509189296697
ck_7f0c4f609673ef62,0.009155413725345186
ck_f51fe59cd445d2cb,0.030195357012606415
ck_b3fb83f0d772a831,0.019374159117945062
ck_d6e7e257751c299b,0.0013308300009949301
ck_0d362ddb4a1cb6d4,0.009871656605040715
ck_a574a08edaf81781,0.0013397306996594392
ck_a823f5bcb0e4b9df,0.003013867150003838
ck_f792586ad0381eac,0.015535221631025636
ck_54bfd70022c66983,0.006342112672494459
ck_fe0a9372c9372de9,0.0006067946796852679
ck_5691cd6fdb6d8147,0.005187854595051845
ck_a95f212a02433d23,0.008141790249236305
ck_f5adad75e1c06731,0.034047317604314925
ck_e09c97520eb0533c,0.005218738179716826
ck_a1e13c0d58560340,0.001134635400279703
ck_cacc2ca410cbe80b,0.0018584485488333583
ck_c0dde2a6ef1e08c5,0.00332492110651936
ck_a04403073c90ce38,0.0008934737455341257
ck_03d3026107175dae,0.06440707868321084
ck_50176dae5b1b716d,0.015255170398699858
ck_6c084bfcb38e96c3,0.2009979953725183
ck_36d2be9012f7909e,0.01563082861944268
ck_958acf84c6137a22,0.14754367816523373
ck_114722e12db90a73,0.0006875228511110939
ck_203c2a22c0c165ac,0.013189837690157141
ck_2c44ca550e5cfa82,0.0035445359756511078
ck_df0a8f20ab8f14f4,0.002805882351740673
ck_826a27ff7555192e,0.0027955158720032666
ck_09a988ebcf062297,0.2515936915296224
ck_5c82444b3b9160ae,0.0354476595944511
ck_f6a4a7ed27fe76fc,0.14391359283643101
ck_17de46314b5c6a92,0.005837973377950215
ck_335e63101b1e6c4c,0.6232294530784019
ck_c5eefc0697451de9,0.0060752091125152955
ck_49a0efb5d4067b6f,0.12420957610031365
ck_c1f4509c8f5dac5c,0.027839200257047617
ck_57658eda1c59bc52,0.003350436524801417
ck_0d5c0736ec76385a,0.0016555448767052465
ck_e0239e6ae30795a7,0.11012903944804939
ck_e4459115cd8e5e4f,0.008294380750548084
ck_bb4aec09d4968dda,0.06250542560223776
ck_a1b4c96faed3e0db,0.010253665755849198
ck_8247b79ac67aae7d,0.015728484456872704
ck_fe2fc7d6e5d83f09,0.004324721196454628
ck_f6aea576cde8d592,6.589618059956736e-05
ck_b7e7f7d0cd886412,0.024701439063745202
ck_ca7b993e8286af7f,0.00417668165238251
ck_47de038381a9cd65,0.007611312804405217
ck_d38f941d09eec820,0.0604043027820311
ck_d9ba2a6c0d926b4d,0.0032133096329351627
ck_cda72f597330d0f3,0.001518880366214996
ck_16d2d27fadeeacf7,0.00574102709897866
ck_be05447853d423a9,0.0011897980810812955
ck_cd92852d7376a4a8,0.0011243917835616
ck_2faf7ecccc9fec58,0.0004365590065509748
ck_db8733fd92f20cd7,0.009620071473661044
ck_a9989a3a94c26634,0.12437952389608573
ck_957fb25437c75e41,0.10696453429332699
ck_e6a6caf6e7de17c2,0.0006978161901772906
ck_f7bc569b37e8bdda,0.03488662981566776
ck_703b375dd86a6124,0.014116890813053994
ck_d3cfb3603f2c6ca3,0.3456931594251834
ck_07cb2b6f2a4303e1,0.020927361499783036
ck_31631e2028d4f855,0.012829311139685105
ck_1631bab0ba1256db,0.03981313919612222
ck_5fdafeaec036f016,0.06609964685160526
ck_6eda4c36aecad602,0.001105047902721935
ck_bd1bf9e3e29de281,0.018562228001355527
ck_bf378ea558a4125f,0.7099875526551
ck_7aa2deeda0e57412,0.9982784001765935
ck_d229cf7f5a3f38ca,0.00634500314476023
ck_9e109edd124492a5,0.00482953201417361
ck_779491819995625d,0.349030054534439
ck_b89c6fa2ad0a12f5,0.010669994282097613
ck_1d01b4a609918c4e,0.812680860401476
ck_714c5d7cb17bc9f2,0.020740678281545376
ck_269f1746f2609ed4,0.10088162227541873
ck_4be03a2aa62b93c7,0.00023701314854695688
ck_cf920313f6dd28fa,0.01578725115628823
ck_fb00aae4e17740c5,0.00016526096013778506
ck_085d8c42739e2b10,0.9998441942296531
ck_c72a7d0d03cf3e17,0.22034541554445305
ck_8f6ca5d3b17eac6e,0.0021987077227007966
ck_d9573100bbff4014,0.17752477182539958
ck_79d6793d1d0cf43c,0.0029725671206994393
ck_91fa5032f7aff0f1,0.0771201355339115
ck_87110d84872c0fed,0.1688053979987634
ck_8220da627e9992a5,0.003294169264977983
ck_2ae44938847f3852,0.002907176189287969
ck_b0f191e44f9b6f35,0.3866338149013427
ck_3049d744b527f4d0,0.03376650978923101
ck_47d3e8d1dd3fbcef,0.05088540587156629
ck_ddf787359d2b5deb,0.000646877802293965
ck_b27a9e39726b26d9,0.00038777288963194205
ck_80c4e9274cf976b6,0.9984770040129233
ck_c6afa913168ce8fa,0.010125186558791825
ck_52427b3f8478db19,0.007647509231147678
ck_3b810f15ca0eaa55,0.0033769957452158697
ck_0c9e420f97baaa06,0.9929344656467163
ck_f8540cf3a8b2f8c9,0.702197006054718
ck_1402d24dd623df72,0.02023266642336924
ck_eb4f4267e24d042c,0.004979851527290667
ck_6f661b428d6fb8e4,0.14814762047638122
ck_519a26ecf3d29c90,0.0003086978034683167
ck_e886ba71d4a6fd73,0.015729910651722565
ck_437f9ecd2016a1a8,0.0016495878347486505
ck_f01af1b0c977cc06,0.0006925203734438298
ck_614f777c2eb5d537,0.0019851927468806487
ck_b804e784cde9af8b,0.0036972162773814127
ck_c2dccbc1b24b137b,0.09431695086961707
ck_1df4a1781a0f6999,0.03562355413968495
ck_bd2cdd53fca26171,0.0013344175616589744
ck_424c254249a109f0,0.05637756375026038
ck_cf2ca4f286e289ba,0.1795117693074899
ck_6c33cb15b0d8af54,0.001262302505549955
ck_311d395fa9b8550a,0.007271908383715857
ck_9f792e7e721ff7f1,0.002860426148472538
ck_4c37586080edb7fd,0.0023075340994029863
ck_7c4f42c5397113b0,0.004131790195317154
ck_fc418f53ce4aa579,0.9920986509249273
ck_1ba28fb7ef726ce2,0.008349769043939253
ck_d932f98bf6b83956,0.07340186322137074
ck_248b3659a9239240,0.12181338163170553
ck_6a92cf5f4cf5de38,0.0673132797865573
ck_65519d0fb137e0c5,0.002886320371267734
ck_ddc3fc99eaba2064,0.15364315894622316
ck_7310cda3bc65a73f,0.000710369293892665
ck_c01c85bd631d4054,0.0007860158749917814
ck_b4954d16b9749829,0.0038203600197298498
ck_f301f6758e170d66,0.021132264383722496
ck_9bf95f8c47e7c7b4,0.0006564634356624503
ck_c91b7fccf6aeb4a5,0.058937336321830604
ck_785fa45e86bc5e95,0.0031220985994564587
ck_2a65f1cc23f1180e,0.0011257070460069347
ck_a49a2c1f881a3560,0.0035126679971472815
ck_def344d68f06d749,0.2628988628969552
ck_abbd1465fc730d78,0.0020099872228432247
ck_07a5610ed28162fb,0.007363209286155526
ck_7ecdee2d7127be8b,0.011310960919528577
ck_67858bc00e81490d,0.0005203951755158562
ck_b4ad165ace910222,0.01613438987991142
ck_30753ffe481a1b8c,0.8243815870367993
ck_c401a26725b17177,0.0006681813452202663
ck_819988d8a7f26415,0.004934779094805951
ck_3364a1d9261b3638,0.0022933495493471547
ck_c484c5bda389bf20,0.00010482345625692727
ck_ae416325fef92c9d,0.984355936635164
ck_5517b9a865960542,0.010842702537440166
ck_a0e96fed380440b2,0.0034091880095825484
ck_e83409471d2b0b44,0.03420955183787099
ck_127273af97d7827d,0.03513561688761218
ck_aaa9861c91bd14dd,0.011175071297041457
ck_a378c58294001a36,0.9912164629492514
ck_abb9d65ff1f95b64,0.12571869867284408
ck_a5ecbefa849ae569,0.03523506999724289
ck_aa9953c0ca2bed7b,0.00033063101014787214
ck_40bc6de252865f32,0.0011698646311896158
ck_9fb11688dcfe1513,0.0021184680738163893
ck_ba68841ca2ba073d,0.04924647769429383
ck_1d3e561a7d20be0a,0.9974421560287875
ck_99a92d710a29c1d0,0.00396985641230039
ck_ede2e887697ffac0,0.0002577602350897209
ck_e6de67c0d82a7b83,0.0038584714953535954
ck_6b38763bf5ddbcef,0.018940301573817663
ck_8dd44eead7d765a5,0.1308918515685222
ck_30bf5b0056eea9e9,0.9254158360308558
ck_2981d16f8a51a8ed,0.05032950953679455
ck_fc60f42c68c7024f,0.01764889349355602
ck_8e2b2251ee224aa4,0.022253500871071127
ck_1906f0dfaf6e9bad,0.8447779607966314
ck_dcbe6814fc4ca0b4,0.10740691222499296
ck_f7e958a286ae3b57,0.0012161259142470303
ck_713649668a7ca824,0.0031764365307528834
ck_6f73cdbf9305e2ea,0.030963591160817937
ck_dd1c490050cd9051,0.095887380320239
ck_e30db36e376606f7,0.17524263721453415
ck_740d8fe8028b5a2e,0.012624261052664437
ck_ebbc9418cd41f692,0.001171239315052723
ck_7b3cc6cc3f250f39,0.0311488725565435
ck_1d30eef7110809e5,0.1532566793165487
ck_77e0589ab339ca66,0.009540399588068254
ck_15ccbf8ff7d14086,0.009626710529325459
ck_246989b0c288664f,0.00735243105243412
ck_fc2a6e27b10b10e9,0.0006444475452905507
ck_8afc1112c12f5402,0.01698449087118494
ck_a76e8d83b9141364,0.016229226364328466
ck_51d3e8dd7465c015,0.0009083480853082703
ck_e7b4016909405981,0.000889620191157631
ck_e7a3cfb9bf908e80,0.05703563511021445
ck_2bb49dc2388cdc1e,0.00031519980364944647
ck_94f4266ee7871345,0.0018477824005987229
ck_b2c896beec146477,0.45161290418076744
ck_fcf5d4a4748cdd53,0.006582759010119747
ck_fd0483639811f62e,0.019158449888394286
ck_9a21d183524734aa,0.18979181681530805
ck_1df4b46c0a4c317d,0.02993642264601567
ck_638df9e8a22dfe0b,0.0040523167728487
ck_65acc43a6dc3e65d,0.0007988062103952127
ck_7c67b73196e3d0d9,0.0455883154524234
ck_b0ee3a98175b462d,0.0028791643422727653
ck_20fad010969f1abf,0.0003311301501691561
ck_54b087bd873af8b8,0.121476616847966
ck_8007824431fa803b,0.001572136154225839
ck_23aab322810b9fec,0.017316906575891196
ck_c8001bdb9aafc8a6,0.014575849568349555
ck_3a34c3ac83cf84b3,0.021910231167992757
ck_60187ac2c473a662,0.9970531912006303
ck_6a0ccd7357979f0f,0.009347140282115012
ck_27f20337bef5ffe0,0.1280360336427105
ck_f9fc468915afe49c,0.12699260135818594
ck_1eabc15a94bd9009,0.022446315946455013
ck_26896c494b2768ef,0.19194515168508333
ck_348c874eaf0354f4,0.2500551789579065
ck_be9c46acd216b45d,0.24211181415641483
ck_a3cce46d15cc20a2,0.06037525170267792
ck_70804f60d9704128,0.0249568597596289
ck_a019151ca8e7527a,0.02101279793354855
ck_571133b2aa8ead51,0.08756951288969637
ck_0afa4449f20d5196,0.007055139243529095
ck_4d503c41cf4e5034,0.012992193483486408
ck_d6fb9cc5171e3e9b,0.8725601036096777
ck_05ed92a7c3e10e5d,0.05252855576788757
ck_bfb067986660afe3,0.04488209103271689
ck_c1a31690c8573226,0.02135247740415704
ck_cb88ef3dc1f42225,0.0005616867786942809
ck_21e3b3bd998745e5,0.02468469013085128
ck_cf52e46fa54e4540,0.00011504693191279245
ck_b72c7ac4208052ab,0.004517979781413617
ck_e6465c56b337e6c2,0.014878675061889208
ck_5f87eb05d18186c0,0.009041957953846394
ck_263f6c5ff26b5e98,0.0006045775674868214
ck_e0b7e2c0bbe228d9,0.0003194433307105497
ck_b657ae3c146cb7bd,0.009323060665067114
ck_abac514d8167ea58,0.0041761912624110695
ck_024dcab126876002,0.022291253078859447
ck_5d8481e2b38bd99d,0.03288741273639895
ck_edf229c17d25dac1,0.055618023485208654
ck_6cb7c97b72d6b5d3,0.002677642806734285
ck_c96ae2c28086a059,0.05872732382795424
ck_2f241b97c0f8389e,0.007284945020743443
ck_9158bdbb63ee8987,0.005703236939256568
ck_e7b40b60786c1530,0.0030085247482409456
ck_66d38518f68e6194,2.5429177882217663e-05
ck_8c9b57ad2a991416,0.01299734499551965
ck_cc91bd7152d3e9ba,0.008367625408424164
ck_0d846660c7957a88,0.0037337072794832622
ck_60896cdac2212bea,0.004897782113430148
ck_dc4db8b932df49de,0.19127373642428885
ck_2dc31db181150e20,0.0014486990896554934
ck_2f138fce1171e277,0.0005233786695923358
ck_68b8b859a6ef505b,0.008920684424577684
ck_c3fe0c6c5e1f40f6,0.0036029695705405867
ck_15886fe84866de92,0.12477648626929462
ck_ea269b35406473e8,0.01245773816708592
ck_3ce7cad1f69b71d6,0.0026106378993929844
ck_054ed4288ee58d6e,0.015269628425700307
ck_3d4913a86f207fee,0.03946441083279936
ck_23ff85f9d2355e8d,0.017032186940507277
ck_d87ab3261322216a,0.0006569925996587808
ck_fac046ce336fe39d,0.06589825253537962
ck_beb97e498e6cf8e8,0.06252925668214715
ck_1f517e0ebf397b51,0.000971696203445335
ck_0af57ebaa45877a1,0.0006958805229564763
ck_f99bc1732ce5e999,0.01689857322832135
ck_abb056a9deab275a,0.06900920013779659
ck_0bfc394c5faa65cb,0.056532988678857414
ck_ddc865af1dd5670e,0.009105152989183716
ck_68b5542459638b56,0.031007674760656655
ck_0b1d84252c0b46c2,0.0037464982171183108
ck_520ec32c4f253604,0.012115729895754724
ck_79ffcfee599d77c7,0.004144150628762275
ck_eb224c0fd146253f,0.008035013136430812
ck_0e477084434da450,0.019559623950450945
ck_07840bba5570785b,0.0022357913871972703
ck_6b67fe8e310ab865,0.12746186946939556
ck_e2a1068c2fa22525,0.06335034497631838
ck_b9c6b32f6bd92a3c,0.023210670447986012
ck_c1e7d1021ae58f00,0.0005462516313865413
ck_5d7801201749ffde,0.018757091863878163
ck_c8806749e263f70b,0.0005128689630668467
ck_c9eeab826781dc91,0.014321353148658088
ck_309a432c160a17b3,0.017509387216377043
ck_b22e3337b8e3dbb2,0.0010306114527436662
ck_79c30169c71b8033,0.956307708987446
ck_5a6593d954085775,0.011565254074076502
ck_70b9b79ea1aacba8,0.016314233265014078
ck_63743141ffa11f45,0.07735407317290374
ck_dfd3dbd0d97a642b,0.045314386440256434
ck_635646a661f05b4a,0.007332180695938517
ck_4b123d6931b6d0d7,0.025929751399033023
ck_f2b0e7a47f442557,0.9459413478333496
ck_1b1df006b81d38ba,0.02369708018831915
ck_360237c1bd30f4bd,0.029350773514234506
ck_5e84bca0e362da20,0.04975734863951707
ck_142dba210ed2f3b5,0.11945202894685035
ck_a3564236069e3524,0.01676931085267661
ck_cf36d8b070ded782,0.020441981516659092
ck_ddd6625c5eddad70,0.006543728117805371
ck_ad54292a0b2f44ef,0.0015335074172956407
ck_45cd5ef6b359e9b4,0.0492318464151987
ck_982c2392238b7be3,0.6156766116648301
ck_083e4ac78685c3bb,0.01593868099963772
ck_729cc0b46cc2e546,0.5923851724059607
ck_f2b8995fe5402759,0.0012090437723991018
ck_73e24f5a8da289b3,0.025863452037187786
ck_bd85f30c36f5998d,0.7190519446174841
ck_ee4ff3aeadf912c1,0.033254763562437825
ck_63d2978706e193d2,0.010000700917960757
ck_6a0684436a1e66c3,0.6692544424031728
ck_182dc4a2f5a366da,0.003450274994768001
ck_e6fecb82fc2a82de,0.004709383691596778
ck_cfb06f07394dfe64,0.0011214813231656946
ck_7bbe1dc8add17ef0,0.0029395233308734153
ck_5cacad76e02c8e3d,0.9955930346394026
ck_ca68dec0c7df5a12,0.0019222789594254596
ck_e4c0fc52c82065d3,0.007045293018874248
ck_f9197b070416f443,0.03580221653526152
ck_2a07c7021b71cf65,0.07033552386149552
ck_4fa85cebf707de2c,0.0013610441946854122
ck_0063d2a9507467e5,0.008042150342382155
ck_ec986285fff05b7d,0.0022368926657783646
ck_279d43303708109b,0.017447495578600373
ck_a406bf11e48cf8c5,0.14892682710326322
ck_064b2aa3f0bfdb6e,0.019148379860028743
ck_95790440bc4bd2d0,0.0017579467852683395
ck_70066eea13b4c34f,0.007899890424700953
ck_19468fe07e26f992,0.9828128166704384
ck_86bfe328e0a533b9,0.7859941323455671
ck_ace3b96c977a7560,0.263330018358611
ck_642344e5c652d8df,0.05587730833364004
ck_074be35c951ae10a,0.02315160735933062
ck_f14dce41036486a3,0.9995836771125755
ck_5cf67a3a747e684d,0.16759011967422555
ck_f7285b92648c1c81,0.0007147703661601918
ck_bef3193f124fca5c,0.04763541783584079
ck_05c4dcbb45de1f8d,0.0031453091364780734
ck_d7c28eaa05bb7144,0.0041278352533391975
ck_320df984791a1b99,0.0030125852305464018
ck_f45bad1606fa00a7,0.0792622196795564
ck_6f81c199e986d9fc,0.005205409800823779
ck_d0c9633fed57c344,0.015680218178739973
ck_a3c25d6cc7478068,0.005244719796273594
ck_4185506d12cf9fa0,0.0008211080976626158
ck_7a02ee1bfba7353b,0.05511647905600886
ck_1b52590757c0fbeb,0.03591092680266142
ck_a0e5656e1cf9cbf5,0.005284599329080875
ck_ace21f6daef94f6e,0.03263503273147506
ck_646d8d0834782d6a,0.02002351230303952
ck_1f136a4476b5e775,0.09331860799746088
ck_325c7643cce02da3,0.023407191242322236
ck_9b5e7fe28208f5d1,0.008827572800274786
ck_05d81b1a150f31c5,0.0005405321524081275
ck_0e9ec486bff403c5,0.024625627610761484
ck_ee13c091bc379188,0.008697803145107723
ck_f7a7f8f5903617c5,0.007742808320691978
ck_96c3a3517153390e,0.013441246095391884
ck_538dad7f096458ad,0.00014234807940120259
ck_8758fc6622bbb7df,0.0013226031160120523
ck_f7e53af3c91fec64,0.012060715635143878
ck_80b50fad7f255e1d,0.0021751348528450537
ck_9645e7adc08631b5,0.004555702560132669
ck_e007aedbf37d6ec7,0.009323829095084864
ck_2951d76c41de2569,0.030593504541496695
ck_9439bff87e616d4a,0.02174489994792132
ck_a73045e96af0e4fe,0.014739982950534887
ck_7b382e533e2e925a,0.4804073856989457
ck_730226c2d216cacc,0.006149276831830766
ck_bdf837d761a7cec2,0.9355539512401979
ck_0b34197335ba3341,0.00850695382057861
ck_49170c4b31a20f5c,0.0020796883033372834
ck_cd553ba6589d8bfd,0.009216511945282242
ck_56b992c6f136fa5e,0.03102708268230715
ck_8beae3d7328fa41a,0.015573350343933376
ck_1a065ea906ae3d6a,0.0021494258983265316
ck_e9e3381d5e0e5051,0.013532477681646688
ck_a6d4f998dadc90c2,0.7420507435455664
ck_d36733da917115a6,0.019130831010161164
ck_e738e920bbd74a7d,0.011028082323167689
ck_af65eb885a51048d,0.00018874597878423282
ck_73f4eb09af29b1c0,0.24752110078979334
ck_8fc641b1750a2542,0.1185202189877046
ck_41b954c7a948c060,0.003789571442120447
ck_25fc3010e8a0f6d7,0.004631899181016457
ck_a2624e0387974e0e,0.013341026497379652
ck_5cb9d7b2329d5ab6,0.2675862211524722
ck_6c83aa1d100a7cd8,0.18921265874226845
ck_67025c64588abd1e,0.0028360213722248098
ck_f5dde68f6f0468e1,0.0005300336101609088
ck_46bfb2cfc29a6d2e,0.007544320443393766
ck_49dddb894d33f6db,0.005788984237151339
ck_f738b633b8862d18,0.0012478929213858992
ck_3d6c3c00d854f5a4,0.28457591927417386
ck_cdb8061d8d1a6c5f,0.0011214867137827678
ck_5e1b81848718bdc3,0.020817132956566644
ck_8def763034187436,0.014359290638219517
ck_8f8e4fb9c6190272,0.03785054397457226
ck_368b968b5f33431e,0.017583321191943183
ck_ba7e347251ea399b,0.014627060476346149
ck_9075432001a64e75,0.07326131207408243
ck_73c5371635aca173,0.9722989079983825
ck_81793387b38047cc,0.002316248453638636
ck_0cf220816e320ac5,0.001438277982037051
ck_820219bb9c761b52,0.4712994384180542
ck_70a932ab39d86a24,2.8293539049264235e-05
ck_2c4be237a7ed79c7,0.0049118532244674384
ck_acc764b49ef02826,0.45587610074537954
ck_74c3c3452e4e7cce,0.0043278662420166295
ck_34dfb57e5bf31d2f,0.23060903019682816
ck_6ec39903f765956d,0.006291826627248139
ck_5986119e7d81e831,0.04092861908083978
ck_2ddfc948b8eac752,0.773891606002428
ck_921ff5ceaf40a968,0.1356547267917556
ck_fb3b68b4424b5f92,0.02582986670859136
ck_c3db1b3ad4f16679,0.07853527965490366
ck_124a197be41687f5,0.03386647383382304
ck_c58d9151834f5bad,0.10986158018554357
ck_389607982eb6b701,0.8932906779681679
ck_fb0c138c003e933a,0.0010166921477222093
ck_50d0bb7edd8c69c0,0.37119875217858844
ck_c6cb651149dc9a8a,0.010650999796010172
ck_81e21354e477eceb,0.08523185988391668
ck_7696e38b3e4197b0,0.0024773019929556325
ck_586001d3ed9e7fbc,0.002471241538659711
ck_bba413492dc46f2a,0.04961430406837664
ck_95b894380ad2702a,0.013692935640736164
ck_277621473369614f,0.9998741337307487
ck_a50621b5eeca84b4,0.0007186413624055027
ck_bfa7ba218b988cde,0.30624110955388384
ck_5ea89567dfe78e4b,0.009495990866331855
ck_6c679602a6476ab2,0.021780032537989363
ck_d3885e286b3b11d2,0.13210529035628518
ck_cdcf6671b37c9c92,0.08948077585105772
ck_b5c93e6d34f8d366,0.002741895622909399
ck_c24f61925dc158d5,0.10865903702141919
ck_cd09375e6c81d2c4,0.005132803220917691
ck_a95afc7a00303a26,0.014040679623811793
ck_8e89ca8b39f3f8ad,0.003858705698763401
ck_9a84b396aada3fa8,0.05092025494559598
ck_5124a2e415384945,0.08605265661512311
ck_d66bb1f063357f99,0.03507325719589359
ck_0fd9312411b0ac55,0.008687594772300295
ck_ad8cbe6e27e47ede,0.02731069864407226
ck_8398adeaf41f9cae,0.0058948878993324025
ck_dcf851e7bb5855d0,0.0010029719593353126
ck_9affb0f26776b642,0.006279215821379699
ck_f0424b3b36bdbef0,0.30375787864533593
ck_66746d1090d6d9e9,0.006210232178799625
ck_e5f8c8a5824db594,0.06986006820507644
ck_3e91dcc209431984,0.13668638440828534
ck_126a82e8d42e5ce6,0.003305905097165681
ck_38e4a74ab256e2eb,0.014234967562666762
ck_1225a97fc413a419,0.0742178219669096
ck_9b5ec0f78e160e65,0.0006681619245626635
ck_7c5529bcc079600b,0.0021678568065350984
ck_29640fc2fe81c251,0.023347685494953575
ck_160e9ba0a3f7c1fd,0.00225521424248247
ck_bff090cb4ab76b9f,0.0035680700521472436
ck_aa06ed358e43db69,0.55678615507701
ck_7264486eb512d84a,0.006926539497604359
ck_f5a32e6160b28379,0.04049866300649231
ck_4ba8bec14c2217e1,0.0010875306216577253
ck_610815786d729d2f,0.047814520851485895
ck_e267999226b6321b,0.00021253213272811133
ck_f3996a3c8eea1ea0,0.0010335869414699152
ck_e9b75ed7567a3f23,0.056413136058204444
ck_d21612d48bb4f7b8,0.019781328540938566
ck_1f871df76c6a995b,0.23050373138931582
ck_953bd5de48ccd70f,0.8819454459707828
ck_02a9104419a6dbaf,0.08604094242443933
ck_1eeeee651e05d535,0.024179701823977513
ck_e2ab04136a442a98,0.0016203829732714516
ck_f0d806624ef3d359,0.009658067585556039
ck_4b68b38c1b3326a3,0.0008834837437716251
ck_74e60495f8861156,0.019869683237096345
ck_398f3f4cf05c721b,0.019372326215622616
ck_f761b7650a0c1a85,0.008184904201704996
ck_7dadef33f5e2d94f,0.9903090543227183
ck_6ff6883633b8c7ba,0.0008396789650557917
ck_4d2159603045109e,0.05806595317309612
ck_a38bd07a5fac5c9a,0.00409916331898776
ck_f517f06551e69507,0.016879462656766386
ck_a7ea00a1760ad561,0.9985545247363172
ck_31fc51d5a3dfe16a,0.011954457025449257
ck_bac5233623b25ca4,0.04482730866499363
ck_385188ab27784fe3,0.4863864923827176
ck_9947a323bab5cacd,0.12837915201846548
ck_7973edc9f22ee7b6,0.08480618444042351
ck_f97c477986043755,0.0003016857127318148
ck_1a3fd2cc4b4de196,0.003549120861698524
ck_e18ac29ea62cb435,0.10362894771016455
ck_9720a472a3e0140c,0.016595552088079734
ck_668c7fc7d7e47c0e,0.302684954485022
ck_214af0806470ef48,0.004619613006456572
ck_a46c1773f01f0be7,0.004524829348458127
ck_f2bdcfb4203ffdee,0.02798698615030249
ck_40e84e6ffe788a4c,0.032519301562630006
ck_dfc6f5712d8d6678,0.32381201537662085
ck_01ef1036b2e66a4b,0.0002796287004779535
ck_3acfec10eec32f9c,0.006583929410278938
ck_084a85145c15ed77,0.010622887334804931
ck_fcdb4fe2f095fba1,0.702197006054718
ck_023908db0a193076,0.05593804911110563
ck_fec0ff92fd622253,0.02979182029548138
ck_c009c97d5fafbced,0.32153284076808397
ck_eb9f0c06ee017ee5,0.013746497879553407
ck_d7792b429620fc24,0.004300151210340513
ck_5e9e149a3b69c726,0.021248907681085803
ck_ce927322ef8f651c,0.011066539043497452
ck_b8fd61a8e82bce32,0.9979566277573194
ck_9aafc33fba1474cb,0.001774760214581048
ck_ce81ff9b8b35562f,0.006149829923887371
ck_25bfca1d8eaa152d,0.017234592105543716
ck_170c65860e2a7e23,0.0029480290594166704
ck_952da7ca9f33decb,0.046266662800820334
ck_1ebd574406235957,0.0477717270808715
ck_589109a188adc2c1,0.003771220692203453
ck_f0cbd5383bb07778,0.06117205953552331
ck_242521e261148fba,0.0034127203583181453
ck_509cece86a558de4,0.046184880942491104
ck_0dd7c5925d28755c,0.007670710780412571
ck_a7e669cf1c3985aa,0.003272303347933446
ck_acb84dc2351eeb76,0.0005379864428012014
ck_b837c7dac2a9b931,0.06381233120156825
ck_18eb1f9181f95df4,0.004781426013695513
ck_b0b9047dddb1ec84,0.7792333788006861
ck_43aa136bdb0a2832,0.7034387163848156
ck_3e47f8c56c811700,0.059232078328774536
ck_77c587d24695ea15,0.01304586527453688
ck_20578ac693ea4e93,0.019664038899277717
ck_b9f6040eebd1605f,0.12790307235962836
ck_ca9d86f65cfdf018,0.042054094223503695
ck_a4fa8833995c716a,0.006713367670524138
ck_f589f1e29301b5fd,0.01988323114535939
ck_961ddb8ff55d868e,0.0007311743603696054
ck_5662492a54e6688b,0.03727916123921644
ck_ad48826c1c26eb78,0.8474832517150748
ck_621c9ddde6bf2eca,0.026114986322033445
ck_417a3500b2c717b3,0.027707156477947244
ck_c7e129058beb3ac1,0.014169476826370769
ck_ec1c902b9b9b9c5f,0.10101354948962418
ck_317360ec0a67d27e,0.16001181409314572
ck_3e3ea5d8c4a229dc,0.14662958973026
ck_d11d27de7bf0b973,0.30303433062664115
ck_d37d56e931105db0,0.0008011936182231171
ck_4863077723cd6ce1,0.0002603958027158361
ck_479a065d5903e9c3,0.002127090871320236
ck_e66ae4fd586fedea,0.00617358765693384
ck_192bbfd0d5720134,0.009341586835668414
ck_3b436cb29af99f3d,0.034392644282675106
ck_7c7ca54969eed187,0.13671848393404176
ck_826ee896c9f1144d,0.04522556354866303
ck_ba1f6dd43fc8a0b1,0.1423329933229331
ck_49685deb63e4e8f8,0.12711924328248428
ck_687ab5d5554bfa79,0.07701002739658705
ck_41346ccd9242cc8f,0.02998757534130734
ck_8f8e5e2b9dfec3d1,0.1620821716041477
ck_94d5ce61a0c50465,0.23054401919615958
ck_6b954c75aad8c012,0.05306818270230454
ck_748af92828c9d288,0.006806119724679463
ck_dddd14091ce812c2,0.005350878900439847
ck_723323f6870fab59,0.01724393969278916
ck_dbdf8d0708cc6718,0.0010050280732110772
ck_f04938570a154de3,0.006488804537378152
ck_58afa1550b3b5294,0.22781484697475213
ck_3b150afde386ecff,0.0727578816299013
ck_666b95e75d99ec4e,0.9725695274980436
ck_e00332597cf1eb24,0.0783703600608977
ck_9a9e3dac79280d7f,0.08544671589410309
ck_e8d37262e859d9a1,0.010284873144373126
ck_895bb39d24bc1c4c,0.0005619207317188671
ck_b367449195e36499,0.021913548201285944
ck_d23f9a50d1135ce1,0.10679990272276856
ck_670dc4910cf476c2,0.00018044918020967388
ck_3ecd8a5ce65e21ca,0.036115594359429536
ck_8584fea2df4c6317,0.6378876164728586
ck_0789ff4562202b20,0.024656627636437112
ck_749e0e50c3907be8,0.0034924712467899917
ck_c3ff6790cc6d7e34,0.0009471714888005969
ck_75fb7e56432ee4b2,0.0015482549691586578
ck_529fc3170fd11abd,0.05052617032255627
ck_34a69b3b4a681796,0.7552146892661478
ck_255f0e5888ae9e23,0.02930879802270087
ck_65be698386474170,1.6619767437062698e-05
ck_5eec9ed855c26000,0.00048607632907934163
ck_5ab39bdc9610f6f3,0.8840047558681154
ck_1b5b75762f033462,0.002950497448898214
ck_d3e208671cf37f91,0.9791196039138452
ck_5068ee554ceff971,0.03836375794183765
ck_d7d50fb57fcb2d0e,0.0008053549519396102
ck_ba6e1115fceaa067,0.041408748286977104
ck_d07bfb16a4a7dac0,0.9560696359889594
ck_ead68310311690c8,0.3526524640501158
ck_ee53ce862bc9c111,0.05922662465508346
ck_97e56e6037024dff,0.0005950798731439211
ck_80b04344c98ec072,0.023789338255199573
ck_5954f45a2ab45f43,0.05193048302327848
ck_18ddf7e836256e3b,0.016202520185641736
ck_89a1a780144d808b,0.05552445329470115
ck_a7331e8b808c39aa,0.018472901652588487
ck_a1fd0ad03ff9b776,0.011598635679252253
ck_c0cf50eef030b401,0.0013277201934923657
ck_074f20921189e7d6,0.0031940044260969996
ck_e2aa7be60794593d,0.3854122439335779
ck_72771757dfb7f7a8,0.03754643950441446
ck_a9cd84a6dddfe584,0.08800834189276581
ck_142c00f9f8557504,0.03157917218963647
ck_221b5d40358230f4,0.008028349800283215
ck_a2d7a563f520b7ea,0.015120140089925736
ck_66cd34bc568d95e0,0.22371045842690696
ck_a17128972d3e507d,0.013889844170415543
ck_bda299466bb2136e,0.06769054549196589
ck_2b699066665abe8a,0.002987868867409375
ck_0ac9848bd4ba0c14,0.00012801804484024266
ck_98d2f9a6ba3a3077,0.7565290532170924
ck_a872df31b28a5f7f,0.16383524622297768
ck_7e73e1d44ce82ed9,0.0017355257251751154
ck_1a415416f620d49d,0.0031203009385460103
ck_c95c786d2f8b8edc,0.006838897165237831
ck_e45012f22b7f91d5,0.000288709330284112
ck_aa0b083e2a6813eb,0.027552521141809432
ck_4666232ddbf77756,0.0015190090209325122
ck_e08e9c8ec5f23d8b,0.020613053585817692
ck_31d4c0518e5f52c6,0.0005591022747835773
ck_c1ab40638f04cb02,0.02600528886483884
ck_4c1fdd1669c7cf51,0.0013541209380868414
ck_11662cc7940ffc82,0.02849637986094048
ck_2e679af24adedac8,0.005021037804767189
ck_454b9e21b7f25a4c,0.0009498476702241487
ck_355c4f29089731e8,0.9898354912594461
ck_507e40760a24d2d5,0.032643574130456356
ck_0943e0f305078e34,0.9990420930339208
ck_abc54ed7111e9ed1,0.004844357841657044
ck_a60fe02fc04407a9,0.04363990489856887
ck_244b897bb4d57c1f,0.023777905925216194
ck_8c84fcde93a04334,0.24989381977963995
ck_9eea37d2de633b27,0.004029411831939369
ck_b2cb9e6610eca967,0.005308676819583051
ck_09aadb4c41b166f1,0.060900585854759236
ck_8d94fbb4828ef326,0.01961760345363679
ck_089e3a07abbe3b8f,0.0031475675519262386
ck_dfee9de05e3971cf,0.020097972658903365
ck_6abf8302ce052451,0.011544983430738454
ck_6ffa90143838a4a2,0.024216747604306834
ck_325caeab5c7a9c3a,0.0028585418360045156
ck_1964ee9db929a173,0.9035632628082048
ck_942b95988a6245a6,0.1813954824411195
ck_913ecdeeb8e21a9c,0.00024896366955957905
ck_ecf9794349eb4b3b,0.0889852650995623
ck_b6cb8d6ae828eed1,0.06385028835336544
ck_2f82ea66c4f53b33,0.24455473044308101
ck_6e676daa4855b58f,0.020628181508390443
ck_2a37fef48b44e9c8,0.053192724927092684
ck_3bd12d468fdc2450,0.01086039018454446
ck_1a28b6a40a6bd3b4,0.0530961888305537
ck_61b79dec96d15713,0.0028800022300246885
ck_31d5e3daced93d3c,0.01299222308721962
ck_e6c8611c0cf233d7,0.0009357126059442716
ck_f04761b4a937ac3b,0.004855447354433472
ck_38c1c75cf055031b,0.03247224213111323
ck_59a561f3df01441a,0.005377061292922362
ck_04e40f556a5062ef,0.00013981669704355432
ck_8409716d174635b6,0.015213120407849024
ck_3019afee83342701,0.02921005301308543
ck_b51a58e7f032c9a8,0.02987971060450272
ck_5043e474f848346d,0.04487675162768593
ck_4388abce33ecd01b,0.3321123582991531
ck_c93def7392f0aff5,0.4594912871792658
ck_72e7b1acc19df820,0.0028367901447239902
ck_f253130dc3ca5b3c,0.009826213953372482
ck_eb264d1b180d4b4c,0.005536703053821934
ck_c2504f5a113433ee,7.851813844039554e-05
ck_c16ab1e4dafb4910,0.4840163966764778
ck_4bc42878fa180991,0.13689302830864858
ck_1c771a7c78f6622c,0.090127849230779
ck_d523f0e50a2747ad,0.0047385129172355924
ck_9060f4e7ab7a1b0c,0.045403491319606464
ck_6b55ec4e87a5e22c,0.13827209045452207
ck_55fc62a5f89a7251,0.018743288497438032
ck_bd2545c62f258231,0.03698897919825349
ck_1ccdc69d0bb712b4,0.07933768646051947
ck_710f867a3bd5898c,0.0008476080084174543
ck_f91d48c40337d375,0.006605234694259376
ck_f76d929541ed41dd,0.03725702528393545
ck_e26a6659c237b650,0.0454703174982444
ck_184983177b73dea5,0.027941551099707675
ck_6d0d081bfa8a0022,0.03233612403011906
ck_2f6e64f638da0f97,0.00011659962586119216
ck_15b93103ccd38609,0.005709609912196474
ck_094d10439b7b4eac,0.001379362831787628
ck_d2ca47180a926ba2,0.01173149612634369
ck_a69ca7b9d70972bb,0.003814277904654379
ck_68914e67343a7d32,0.112990014202737
ck_8176616132458c0f,0.020092730880005003
ck_eee99af3598311b8,0.00253264522208111
ck_94410eedfca91304,0.04772607370058678
ck_cfb11a0a2325bff5,0.004689713035858053
ck_75217ee144b715f8,0.03392031036189086
ck_d56fc799542299b8,0.00040881638688353996
ck_4c352dd3e7c81269,0.03269315189197099
ck_e23e50e02cb3904d,0.21348544991942467
ck_b921af37d500e139,0.006901364169537678
ck_82181b935360dcbc,0.9993981608154184
ck_22a7cf3b99c5e5fd,0.0433846386850839
ck_f67ee7910d532216,0.03149904482233993
ck_5f48762a14a0326f,0.02799964873622173
ck_1757fcb0e6e3f88e,0.22734112736338238
ck_2c2f080ba185016e,0.08680762815560826
ck_4c25570eb72711b8,0.0004553286834070294
ck_a3be871ca22ac416,0.007203046612676244
ck_ab70961e7c6695b2,0.1191033242727221
ck_a1cdebfc42a52448,0.003843933043598759
ck_f1b80b821a20186d,0.0845897857456676
ck_ae668e4564cd2aa1,0.008203452599781213
ck_0e2bc3a5afa439d8,0.06822774169000476
ck_3dc378f37d0b74b8,0.002809112156404146
ck_9f9555197480d1cd,0.012069197972631129
ck_bf4e7d48770a4a8b,0.3648120288701205
ck_614ef655f0685060,0.0035062208635040664
ck_04d2ea38ee27770f,7.589780550219879e-05
ck_e03a9d8ac94161d5,0.01970229495185397
ck_d4007b5b26d9d854,0.0025082488331895753
ck_2dd147ce6d61749f,0.13270479783333972
ck_ff45764ea7d6619f,0.0389411952316634
ck_dbc487cb0a6c18da,0.9210361022615347
ck_791d5392bbd80447,0.0031046942373357945
ck_b4068439c413b150,0.013044377212310904
ck_85df7b7de9700aba,0.0005589697411016926
ck_001e42551cd06e40,0.007218932898171715
ck_a6c02ae50932cd9d,0.01963785815333078
ck_9fd0be2c018ff5e4,0.01736725146508638
ck_32a495128395fde5,0.04122958331299085
ck_b6f2a2fd232c141b,0.07828198534959444
ck_28dde633692904b0,0.18734809884657175
ck_a1a93c5f375f6021,0.011674407787066146
ck_e3982142336782df,0.006084475146957182
ck_a9812ff3c111ea94,0.13033451873490404
ck_f04062216f95fa00,0.03378514167668972
ck_7c560467daca735f,9.44399377163149e-05
ck_76ee10d6e2dba70f,0.023603322200849423
ck_3521243bdac61178,0.0017523021345762571
ck_28588fb03b320520,0.004794613310058144
ck_580dcec33ec232b8,0.004682943467963022
ck_7109923fd7dab20a,0.002060053169538898
ck_7c872c99481c1e9e,0.07493167284106239
ck_46f4e1f5026f4d1b,0.00018247840841803786
ck_00d1ebc31ec4653c,0.008768064689566252
ck_aac70764dde15168,0.023500354458924382
ck_648c03f9aa4e45f1,0.10309413502353697
ck_5478eb69ef912785,0.3551982220080372
ck_79b8523137bb2603,0.008797088252003721
ck_795c49f312640019,0.0008603342744988407
ck_89184bf7b7fe41cd,0.21043031761914635
ck_97d4bd922996fa10,0.0021341646814430877
ck_1cef30d08f3a598d,0.0035374000195192786
ck_2f9fd36a4a40a6a8,0.0004991599130895703
ck_40780fc0f8d6f309,0.025154854120841882
ck_9083ca9fec2a7f4c,0.008003303432280617
ck_62081bc35aa59931,0.006405811074544227
ck_2e1b46c5fc56b863,0.189093827317563
ck_3d139692c51b604a,0.10816831243291777
ck_b5e54e22e3d6960a,0.0003501640362247793
ck_c0c4be3f44311b04,0.006149259808435972
ck_82a8bdd2692c2a5e,0.0032739092631622665
ck_bdd2da300b530c5a,0.020346006120863135
ck_ee40498cd97183d3,0.011564891719813144
ck_70b9274473bd6dfe,0.003341087118417088
ck_473d6314ea614b29,0.01654168434036401
ck_7443d6dca8cd1352,0.0008047058932762185
ck_3b49768b448b071e,0.24077917117437556
ck_b43f04431c267dea,0.0020326032080227904
ck_4424a5223ba2fe00,0.011597692096110564
ck_819bf3e8231f4081,0.012850119863211546
ck_91d417507a8c58cb,0.1254168391032848
ck_e88e86b19cada4aa,0.03243567931966273
ck_59684167f9c6bf4c,0.07632201631091172
ck_d5f5b0dc97b9dc27,0.0036877227259472225
ck_13d1b192bbff8f32,0.010210953008783342
ck_b21d8630387cabce,0.0014584070710190091
ck_e4ac22046699b99f,0.004464342255442132
ck_74b848064f2ff45d,0.009526940308231258
ck_166aa980cc87fa77,0.035075317419735366
ck_98e337806104dd88,0.0001576807368951581
ck_66eb09be007f0755,0.014781346894413424
ck_3ec9b9d8dd7be11c,0.08095394027292557
ck_8b8b9de339d75d0b,0.017276595613584175
ck_6715139e240007d9,0.0007641001694853754
ck_a0255ab46e122d2f,0.0006470061579931681
ck_66e81a4190c33510,0.016223476598110326
ck_5d75ea4f5c9080bc,0.8541439349348506
ck_df69858b8a8b3165,0.00040969876995218996
ck_e15252ebd7553422,0.000679807388174255
ck_34d6d74bb3ed11e5,0.0025224194434680233
ck_c2608f78f6851d10,0.11022623888614669
ck_bb99071e8f58c8a4,0.8352740383510301
ck_06010f0df5b7cef8,0.0063641662022689656
ck_8c582eb0f6c0148c,0.005156041558986202
ck_0034d010d28aea78,0.009742217838984974
ck_01c1f06692566ca1,0.04941058824564467
ck_4807726e797fb893,0.046899409348493896
ck_edc9668282e3c8cb,0.03713670922071783
ck_5486768475af7bb5,0.9956268835874895
ck_3fb9813849e51837,0.049823204526315334
ck_861af5a9a9a6d619,0.012099533711586005
ck_da39653add0f1109,0.0020671439415906583
ck_74a4244eb1f162e4,0.0022357625542074365
ck_9a930faade55b8ea,0.0027379448721524657
ck_fb6e06ca88519dcd,0.08653640823785526
ck_9776cd8263a9f415,0.002788643863724291
ck_b3dd1198ac5aea73,0.011187654089834815
ck_b6675a04df1a4276,0.0005846320901777174
ck_5c7ad6e731b69333,0.4927435152662669
ck_28dc0fdbaec00580,0.10853768895417495
ck_8e7a32f7e3905f4e,0.031986056406455035
ck_8563fed6674afc77,0.008971794561075322
ck_9a2fcccb82da663e,0.03326936429624198
ck_6a519bdac0d94527,0.002759081531878575
ck_a0dab7aa9c4a39a9,0.003732964114344138
ck_a3ce05e9e5e32142,0.009186838391502071
ck_7a7e40ee3f97c035,0.10575986909297974
ck_9e9a830785112a73,0.03318066403057104
ck_ab1bb02f6b189304,0.6713932620324611
ck_7b8cb0f90fbdc8c6,0.011183318056867278
ck_b138fc249e659e60,0.01388649517011114
ck_e73caa3771ec5e0f,0.0006251313112377587
ck_18a55b06ccccd88b,0.006712538193299696
ck_fdcb1d9265d8fec1,0.04820355123869223
ck_e21a900556b382ad,0.06648953715941901
ck_c6bf67470f526771,0.13176041164096133
ck_b568ba3837afb39a,0.0002160354658813086
ck_a2858979dd5645ef,0.003295977860952463
ck_1da9d40837ebaa57,0.022853545689610212
ck_9341c7959543c542,0.0024012282678509338
ck_c8ad86806b9a2369,0.049910535871677465
ck_5c85d93ecfed4b0e,0.0020108232292736965
ck_f07b09879d697b82,0.003022906587877161
ck_fe43da07608b1749,0.02636649105018732
ck_4bca22b5926b9c28,0.0007162851579816372
ck_aba573aa942b1d41,0.0026551983149008087
ck_57c14e32fa4683bf,0.0005942322640547322
ck_891530b489ce402b,0.0023959018918414897
ck_5e74fdadb93ff293,0.00456437293735528
ck_14436a409ebcc90f,0.0015440780114199023
ck_00013fdfa0bd37dd,0.0006225384723934137
ck_7dbe24ba01316775,0.0829490137873958
ck_0e3f80c1553c591b,0.010364808033271247
ck_3edc45db58760d76,0.0040148460575038175
ck_29076a13f539187a,0.5793323435864584
ck_b1e81b58b9a545ce,0.06327719821969198
ck_3f8571d4f7420b2a,0.01470864824199975
ck_7dff6abe4bd644dd,0.7681815301027102
ck_2884bab237af16b7,0.011418886883124155
ck_231e6dd1fe708000,0.001264698467922086
ck_33ecaa7b892e73df,0.004742056583092186
ck_b109ec4c63503030,0.0028378881517051703
ck_a7f522382509cef1,0.0008625680194470685
ck_748b3ea941d8b3b9,0.0054608184718030655
ck_29f3a1737a2d9634,0.0039306953821659826
ck_cee8d42475a0f020,0.0019268906882746275
ck_c6b6ebe145a8ffab,0.0012062497715169972
ck_21c99e1d6b881894,0.0028586257275012676
ck_5ad798286384484e,0.0022067251505909964
ck_b621b6ffcc7f4848,0.0007756650798809144
ck_ea819e337233475c,0.913718267518043
ck_9e3896c2668ce06b,0.10095223312707531
ck_501dcf1ead036d2b,0.007028465873827394
ck_8d5eda29a2cffa3c,0.000834257417258107
ck_4d3aa36ff83f1132,0.8132709109258429
ck_8e9faf94e3e6c757,0.002199758539533393
ck_ce0ec41f96951048,0.0034620268316658707
ck_f09165d73ee903b1,0.005462379299604373
ck_a432b1bf1d3b3d5e,0.18617664720009006
ck_ea618f720ff0b4b0,0.020725696474186317
ck_7584e7bd755cb28a,0.007659983263891987
ck_e14681aad43e1a72,0.008646333893658164
ck_5e18870d8e30e379,0.01990321248196477
ck_ff7c26a62bda8089,0.0015875154129297686
ck_cc5a35175d381d5a,0.007287040331828306
ck_3c25029e40aa8a84,0.021960342881491464
ck_771247b5bc16c12a,0.019315391549945708
ck_664b5e02759f985a,0.018605219077963916
ck_692a9e8f504b9762,0.0005651913525521639
ck_df8ad2deb0a4ffed,0.013640523541833486
ck_eb48c0bcd12ea654,0.007779069959853659
ck_7c77e597c951cdad,0.008547095422457143
ck_4f75144c6f3b13ad,0.016534157080861624
ck_1bcff399166d7c43,0.006247607292949312
ck_975c2aa3d4a8c51a,0.003120338741284968
ck_bc6f07b06aaa4ce3,0.23612813092936286
ck_80b072b7f3c7e8e5,0.005650638491756537
ck_471e4018a23b4e56,0.005095712399160358
ck_53cddfba570b4a3b,0.04599215249648653
ck_630530e50764f229,0.1795988467117799
ck_dcef7887a4f1e435,0.046231031411665395
ck_2795921a055643f6,0.026755166844260225
ck_7456df89f3792235,0.0015872842060850986
ck_5014a3b07e1f049f,0.3992878623340515
ck_d4ec44760cbe03f4,0.004775351536263381
ck_96810ad39d4cb7b0,0.010363371159313486
ck_3222ea25aa29bfa6,0.0010408993837322713
ck_f6c42001b84a10cb,0.10473555108744931
ck_5ac86682385c86b8,0.005009912949669389
ck_4280c33af57eb4f4,0.0014226641440575278
ck_05f79ddd8eefaa56,0.0236868136664456
ck_3a57a13ce032a6fe,0.006121437864248694
ck_a721f0d635fad68a,0.005271103306108042
ck_a3f821bdf408c326,0.029940346843151385
ck_0ada63008be5685a,0.09273782166593182
ck_8c949bdc6e8720fa,0.18498854331723866
ck_c0d2c56f9c722e99,0.9988574869702349
ck_5d2b9e6e087b8dfc,0.999837670400688
ck_5217b55593a332ca,0.15552227212682665
ck_7a7bb9be5a7e48ad,0.1033043463484458
ck_24cd0d779e866287,0.009036466535422779
ck_7367917891a63771,0.008242378872302196
ck_4b31a8862a857e6e,0.9818582288757508
ck_81429c4910ca46cd,0.005796671694273457
ck_b35d803568f82d9a,0.04049819087894498
ck_4b00e75c2d2d0522,0.0010950678846519245
ck_77fced07f6dff42b,0.13813544410856923
ck_3c9a06eb07c300e4,0.006409788589370406
ck_b3867f7f494db64c,8.446645968455972e-05
ck_0c45e54897ab34e2,0.030256426903711452
ck_507a6a580ab55c76,0.006598799742522045
ck_291bffc7809f896a,0.0008292104656875307
ck_3753cc5b9d02e2fd,0.0005844191633767822
ck_4f63d5245b3ac1dd,0.03357773760253479
ck_9dfb2ae78659240a,0.012396075543376605
ck_90f6f5ced708aa75,0.00017544156322010462
ck_8b5b5a6b5539e39b,0.988277334689885
ck_4719112b55d20161,0.02684590332201242
ck_fec888a7108ca52d,0.9991159834106071
ck_4f5d022c99f118b7,0.049831285346938974
ck_e967ff05514b697b,0.020002426137702978
ck_839ce35819bfa4fc,0.004921900523956501
ck_bdee1221b9addff8,0.0051932462814628455
ck_9cde4036d0914427,0.1694807394055517
ck_5ac959cbcc5e98f3,0.0005744915231157224
ck_619842688294dabc,0.004407733462431768
ck_7373d7b04c7799bd,0.022600809235572842
ck_c1dd3feb9a0b6471,0.008450845457123332
ck_0324a4812ec319c6,0.010338927810547564
ck_7f3685aa2933b251,0.19188903652791356
ck_06aee5a62a67a84c,0.0738963419888719
ck_3428910b44b9d08f,0.4097092072825368
ck_c3ba7534cefc1de8,0.006960138102329641
ck_1f1273a67cbad5e5,0.9453485677027014
ck_124565a11b2f8bb8,0.06809177884773425
ck_38e46bc861e0165b,0.01369491048400099
ck_c8ad3f01319c065e,0.1921359012410432
ck_3f94a34f5038f7c1,0.9301382875013363
ck_cee56be5a502fbd1,0.19041303001637327
ck_2b90b76cf4d162f9,0.002111735285339055
ck_884b2e463ff1d54f,0.002466182431606596
ck_fab4f2f8531b4827,0.05273244988988659
ck_4fc6256e0e60a926,0.01722774939316652
ck_0a2f8b2f8a5b6f02,0.005110615085519106
ck_9c0deab8a8367c5e,0.00027261632246888953
ck_d3a2a4c011fa2554,0.02991410458988868
ck_4108b4038f762817,0.048555348402179156
ck_4df036e2aa7e1056,0.003931214811465701
ck_ec094eb1cbb3efc5,0.0016610440209470225
ck_09f8f51bfd2492c6,0.053298295855520025
ck_b60fb9a10d6f4489,0.025920852036841
ck_3638bc3388dbc1bc,0.0732506379940875
ck_7a58e0cc9943c39a,0.037331718033942564
ck_37dab6a0a536ed49,0.08101022045848622
ck_adc576690df5b33b,0.007168500151981268
ck_1383b2b1875000f2,0.003729229447835691
ck_43c1248db37a2eb0,0.00433620881617434
ck_29c11bd68858e923,0.0012287424487347578
ck_9401f9e11f65337d,0.0272284695236053
ck_ce5ed372b1a2ed6b,0.09508869686851745
ck_08b4619490e751a8,0.9861807534819363
ck_44b9125526acb05d,0.08201714276515984
ck_ef1a1de20d2124cb,0.022584274315678988
ck_e5e2624b7fc89774,0.03109800355974
ck_f5100511609b92c0,0.0002556474112736613
ck_64f3bb17101b7c42,0.00676664625504498
ck_ea1e5b5128ecba2c,0.00027846251994443814
ck_516163fcf04d5e77,0.005137822579524941
ck_7f9a748110d70005,0.015307574349557687
ck_d263b55f0a681cce,0.052227654337746204
ck_0e962eacf98a813e,0.009653092190717355
ck_0406931800e0e2e6,0.01647656097997885
ck_0e9b982afc88a3a9,0.9976497285862761
ck_8bbb625384edebd7,7.481588533010904e-05
ck_5eaeb87bf6207406,0.9866981705917688
ck_cc3318839c4b0745,0.0017886360682324005
ck_08a0355d1f1890ef,0.03743020373473586
ck_af7ffd1a822460d3,0.5916664172737699
ck_2a09c7aa870edb6b,0.0012023813842639587
ck_bc04f51c23290bcc,0.0400875026824349
ck_d3a8333cb389f4c6,0.00237003523325885
ck_88e3dd3039508332,0.049967969101424314
ck_b8c7771de9b57705,0.03441540856592724
ck_585ababa02383b50,0.0031376956202637464
ck_e988c108754cee9c,0.009331484040296574
ck_4a691892d9d6cf89,0.0008748262840990302
ck_7cdce37d895eefb8,0.030435010088871936
ck_483fb981a1fb4317,0.010312777437564676
ck_c1e5182bd99e0e35,0.011493340285946384
ck_9a1e3ec9a1839939,0.011187184622785507
ck_5c3f13de0dbd5086,0.018048101262316704
ck_f4f6f0caaab70040,0.0004859330871613086
ck_791be3378dd7d64c,0.0044469318547660916
ck_956dd784525f5886,0.10370148240692749
ck_098167eaf124c279,0.017268508596164325
ck_33ecff7914349ebc,0.05053805358213266
ck_e05d44e46c7174e6,0.00572697835320326
ck_1b2ce474fa6582b4,0.5609980089240231
ck_ab581082e8f72e3d,0.016797015552514612
ck_e63256667aa19070,0.10946632103665854
ck_f568772b6cb3febe,0.039914739664826185
ck_dd89a282375bbab6,0.026763019040491127
ck_a39d0bca345b492d,0.0064307098002624645
ck_d12d2924d0f7a64a,0.008943982250105424
ck_6a548da1728b5823,0.9977354275068115
ck_6d64193681d2a94f,0.14699557082753398
ck_ced6b6dcdc7c201a,0.00474976954394891
ck_d1b0699d26282871,0.0027183705441918035
ck_58f757e40a9b8877,0.0416487021197123
ck_3272c2c4a37d5220,0.9522731950581286
ck_d94dfde9e03c9d1a,0.012894530711290432
ck_08a6d4903a7fbaca,0.014883140676103444
ck_6c72a36b05fa0f4c,0.023240489913854554
ck_dbb4bd4eda97255d,0.005904404469694849
ck_94b59bbc824b307a,0.0014154384165117754
ck_0229a07185f15469,0.0030135633204274705
ck_11bf1039f8b3025b,0.013573521980115924
ck_36789ca11459131e,0.5329078515246988
ck_8572c5f5c1447c62,0.13691059717548157
ck_9e75c6641939f4fc,0.04263254365621922
ck_b45e47c39d4dc7bf,0.09346146481975674
ck_02903c48b6cfd65d,0.0030594370020570077
ck_b153386f1729de81,0.030978562632864783
ck_36979996f33498f7,0.34170014213880373
ck_3c02d4dbbf6716b6,0.008090966438556139
ck_66c9a19963957531,0.013765426014594509
ck_bae8dae7cfd8baba,0.0002372968281340651
ck_bba0ccc6cd968680,0.06559105719975457
ck_3267fe3aac05c71e,0.0029220347679305174
ck_40052cac10562cde,0.01788799975238116
ck_d973444855403e2a,0.01742271475439519
ck_012519bb095ad36b,0.9997996223266723
ck_ad7c256ea10c4a00,0.29732122491801566
ck_70a60e095e9b706f,0.0039738345808121266
ck_f2734417c0db4ee3,0.06790451450308285
ck_9cb89cc3178e0172,0.01725166190947913
ck_779cc0f2de4d5488,0.6968132624953137
ck_35f8656bf93e3b3d,0.01782794207557058
ck_bdd8eba728800e29,0.05300271326924779
ck_002cf760d173f0f8,0.014562603703171301
ck_b046067c6ca3831e,0.0005334535819662978
ck_a4a42d4bff8af645,0.00997681062878589
ck_bce253d2396681a1,0.02362412864108106
ck_00dafc060c8de32a,0.04879432942016751
ck_968a99e097ee78c9,0.06085997663627109
ck_66949171b387bb93,0.04799825770535391
ck_ad305286702b1958,0.0012495237088625104
ck_4732da7e0d2dfc7c,0.0032561132849272117
ck_17a95bba77217d85,0.702197006054718
ck_3e2516a3e35067e0,0.002560606656494377
ck_0b615ed566da1f58,0.012385761744059766
ck_d2b3ce1ebabe9f93,0.016235568816751953
ck_a892252e4e0c2828,0.010826522323380277
ck_cf606fd6ebfdf9bc,0.00035574203136303867
ck_718865237134ebe8,0.005164492784109657
ck_878522cb775b904c,0.00884504545486621
ck_9ed53de6ef779ae0,0.00031315641386500914
ck_3f16e2cd7e6874cc,0.046859156692283535
ck_3c59df37895ead2d,0.011564891719813144
ck_6821459b626d492c,0.001982674241315812
ck_11c7667920541587,0.013559214456689509
ck_23a016cf6b98d89c,0.702197006054718
ck_7137eeb394d200f1,0.042716388374745555
ck_9c4886c5c90ddbdc,0.001637352997027803
ck_1422a7bf7756294d,0.9982026234013115
ck_7ebc5fa7f0d3b8f2,0.04630005043589576
ck_fcc2059a8d5c41fa,0.5981330242220554
ck_00ff7389d6a83e29,0.10199690062980872
ck_03129b41457795d2,0.07426328312386045
ck_38ba64efa7c38250,0.019416973416914046
ck_57a6b56b09bff24e,0.00414233237449934
ck_e3b3c5a80a567418,0.0022807674086400406
ck_fc40a16adfced018,0.022691574121574548
ck_9d4b5e6b43bad4d8,0.027506095431222802
ck_61129937ee466b49,0.041509839806186694
ck_74112e47b8629c2a,0.10516351923106475
ck_b4703ee97f94d7fb,0.0010988093565022655
ck_e560f720a988d8a2,0.8022619998687224
ck_708fea345f68037e,0.011953546254958496
ck_25394c1b83e0b803,0.08304989530689898
ck_17ab24fe914ae44b,0.0019595580983110916
ck_16c501470d9bb006,0.0002510635620043155
ck_628f449e248c19b7,0.061842871555326216
ck_6d64190623dea714,0.003138618631713397
ck_504a45ee08db72b6,0.018877756899444955
ck_6cbb011e0c70bc7c,0.005198622121908596
ck_b3225a98acd04f83,0.002982971028692588
ck_aa37993f1c17cd1e,0.003816631499561229
ck_558cfe5f77a55a9d,0.012390929212040441
ck_0d0a1a021efea5b6,0.040708665786092536
ck_daf7aea023b7a8f6,0.011726688730595321
ck_d75f25184ece2b51,0.001952381964698186
ck_466d4b5366c50b98,0.002894364727216483
ck_88f27ab479063852,0.001670029846927016
ck_66779098e78c1760,0.004113131198842709
ck_b150fe4efb449b05,0.001393116117864511
ck_9c3aa9f23d01fa1c,0.00021951866333663536
ck_6a01c375fc26705a,0.00027617662545883755
ck_002eb6552b504ea1,0.008074243733880234
ck_affa5aa0bff9bb0c,0.006867290258412689
ck_027614eeba8b1a4b,0.0032152888339197633
ck_67e075c982add719,0.003178954947954807
ck_399b0d510be98bd2,0.005252589896449125
ck_e9b0bca7368555ef,0.01119330927077275
ck_59c29d9c57b4f994,0.026729504466894104
ck_37176850ed68831e,0.0009377462640784498
ck_a0db4ccca08030c3,0.935909810318538
ck_aa188e5c25f7f42a,0.0315555627480923
ck_7de6997178207800,0.00024899793151085797
ck_c729d19053387be9,0.061975659199701834
ck_f2d3e3d90608596d,0.6261664014203829
ck_2db3fb565e0211ee,0.0010415371043834727
ck_bed8a480e27e911e,0.08642681491068671
ck_d7ad9921a4d25926,0.030318639240003522
ck_2a59f23fc5194699,0.10293958153319271
ck_63601a58a6120d8a,0.03204196569516739
ck_efd7b9e22c6317d6,0.012938402560094249
ck_9ab42875a0f95b43,0.014443341262722474
ck_85cb5033fca7c846,0.011740296010583412
ck_5249b223000915ec,0.007114758672030755
ck_3efb0e9bf25612c7,0.001375993966134015
ck_678e74532ac19700,0.06320422846434674
ck_a980b296c95153f9,0.0005542500638076092
ck_01ac687ce0d696a7,0.06494020312986705
ck_52e1418cf1aa9871,0.07698942864746398
ck_7d28da4f1dab09ee,0.041663811383061494
ck_010d0c2e6c1657fd,0.05468332824678107
ck_b524f7a2e752b9d0,0.009221131636949457
ck_cc447fcc24a0772b,0.41127326406143705
ck_2cb3c99845e572da,0.00016402719278442343
ck_604c710141327a81,0.010455505545811762
ck_8d5fa65717d2e0c6,0.0015020957727796423
ck_31199510b40602a1,0.006818388155419827
ck_49e253ea12f4e922,0.8653166297225585
ck_780738e0d71e7e43,0.004973741931279131
ck_2cd21137a07fdd7d,0.0009248202645334934
ck_5e021f2a3b66e256,0.14890423996856983
ck_efbc79246e32c66a,0.003318075751011229
ck_9951bd806c13c7fd,0.11726699486726719
ck_7a52674e2806d8f5,0.01740312503066272
ck_1a319e509f1efa1a,0.0002705837368654295
ck_c920901b9a4ba993,0.995362939352113
ck_b71279e807d0b3a7,0.03963242031514452
ck_47e1032f490bb018,0.008846184691392386
ck_192579ecdca7ff83,0.032022079598404404
ck_b1496c474c4a3239,0.0006682631397348568
ck_5e68ea2c5e893cf0,0.2391980360702096
ck_f2ecab85d4693b4e,0.030711581365641945
ck_89d7bfc81c3df597,0.015400804692394958
ck_7929284327667791,0.4163311250500075
ck_494ec63c5ce8e150,0.013352410870854531
ck_319b059bb2145586,0.3986398736020727
ck_ccb3767c239018c1,0.007143788154990705
ck_a1c7adfe26e09a8c,0.00485056015105497
ck_0e13c4f73818149b,0.03400199255180703
ck_c285a51ed6214f52,0.0021489157321833126
ck_916784595f028226,0.034111208218080516
ck_6cd8e0196365c474,0.011237013942889777
ck_57b657aba4daffde,0.2979059630996218
ck_562c76a3753fc7da,0.7536486570834898
ck_66cfc1ebc9a513c8,0.0007543637273609749
ck_0f38d4aed68d7d24,0.03772072218808411
ck_d8ddf5e99f7859e4,0.196641593579561
ck_41bc3efa0fca700e,0.020314468640825607
ck_40799e129fcf42c5,0.07972270306267858
ck_786f079389126e44,0.009423106681673545
ck_bb4c6b713eb0b978,0.012920903318062034
ck_4f01f7eac0efaba5,0.04082714726315234
ck_47d29c01b20cf69f,0.005803058927412048
ck_bf15a1f8d67a30d3,0.003096535280876766
ck_bfecad7586f65e4d,0.03206939820949514
ck_fc9f16df35190eb4,0.6079967928152888
ck_c09c914e416edd08,0.001141583015978851
ck_c54c5d8e4433b0f2,0.00054671078688489
ck_1694c28f44480e98,0.02817039784558757
ck_1dcaa3078dbb7571,0.004042421388459666
ck_af559f990c640e41,0.003701292037843916
ck_9b436162039a77d0,0.17677696682122018
ck_79d62ef181bd0cd8,0.012568313200415364
ck_23caafc2cd34242c,0.0030103500980214453
ck_ffe2aa26f597e552,0.02248781074707246
ck_e6ffd0754ac08661,0.0006239195946553675
ck_beaacb4a783db21f,0.002927539688858561
ck_9863bff41d24ce9b,0.03365218021232274
ck_323b9cc5c49f8ea0,0.32175555994489174
ck_ab3de3d3e41c2082,0.04502692876295336
ck_35c93b2924900376,0.001039217228569875
ck_5a9d5f9901e37e31,0.004805762655223449
ck_782b0be796164335,0.003016450692586003
ck_11960b5f1c7a5e2c,0.007212732822268523
ck_9a66cb13a9884cc2,0.05929926289225117
ck_ba666a425930615a,0.0027397782833098747
ck_40140bef4db73741,0.008267384763882519
ck_e05e91cc180063d4,0.0664313080718882
ck_c7f6f45710bc050f,0.002352308866712065
ck_055fb9f2e1c8c934,0.2212242929955278
ck_58bb02d98e2b9cd5,0.0038936444977627333
ck_d9f8efa6a7800f76,0.002042362577095443
ck_69691226c68fd50b,0.16043065306664278
ck_6f2f0396e5b1c538,0.9985705182815082
ck_78bc3f1d0f35ea6c,0.004016453697486334
ck_2d5a6b6636a2596b,0.002833215700835805
ck_7878545739af0a73,0.005847356083707416
ck_03c4fa4f3ed3512e,0.0005406592113723407
ck_1a9e51d092d62c84,0.863399312405488
ck_9f3861940d8d873c,0.002879100441539049
ck_4684fdd61c6a0fac,0.007437098506857096
ck_715966f86d5c913d,0.0015678324877809633
ck_77f293d44b4a3d2e,0.018055512039491118
ck_24dae044dc05f849,0.04311147080181912
ck_00b9818e2064405e,0.04607937489946074
ck_c1c2cb49c3c1b0f5,0.052526787730678905
ck_bed50fc64fbbf8ec,0.0007096373043482192
ck_4f6ed5ea5ab7c429,0.0023552378522321608
ck_458531c22ec2f9b3,0.0367583867639429
ck_51c50c4c443df31a,0.6294137632578976
ck_732d45bd578dc39d,0.01643285864972904
ck_783fe5bc20cd02db,0.10430159334434852
ck_7f188aaa63d1d442,0.015510737999463838
ck_ef307a6aee38d1fe,0.9569185749082663
ck_e37196b20968b73c,0.03469805716851589
ck_4ef9de711c3d93b1,0.009788989445666868
ck_17946516d5df71d7,0.0021502578006832064
ck_3534be0f4efd313c,0.006400810475606987
ck_29fbabf855cabdff,0.033896837538022244
ck_191673540d8486af,0.003445971977488748
ck_5f52728d777ff2c5,0.006136235214091972
ck_a045a19369016818,0.9995420702973096
ck_4eadbe7298b15e96,0.01892209581577007
ck_a3a0bd59729fe619,0.002896688930764984
ck_a1e77090b1c6ccf4,0.005997229601985945
ck_69ab9d4784eb77bd,0.021671910958221807
ck_baa47383ffd50f04,0.0017656043605302626
ck_e35b2ed08b9e55a7,0.009192031692793234
ck_b6e3af0a5119d9a0,0.1698529091242602
ck_a7c1dabf3869772f,0.06132186647910093
ck_80b8fca67a14e0be,0.7237554396123692
ck_dd9c5f0c42878e67,0.0012338836915657058
ck_41ef7967faf5ce82,5.424917704944261e-05
ck_a93560aa348d6225,0.13882877181519931
ck_ffe91d6f0bd93fc6,0.031508884508347344
ck_fbf630c960194033,0.001316165268343872
ck_497ed60723283c0b,0.005816840750427625
ck_2a46b7ca55239413,0.006414629612118402
ck_1a4e5ace078dd782,0.03856150038157487
ck_616cc31910f5de50,0.003472811611906765
ck_0d65bc749eb42710,0.02935178224266548
ck_2408db62e4395ccd,0.011109147410455985
ck_5d7721930106dce8,0.0694070384924226
ck_e8a6acea22b20312,0.39057077502745896
ck_e2f792fae128b18e,0.04660881248004593
ck_e6d3ce445b86003f,0.0008041789333989304
ck_263334d722ecbc97,0.31542779115181413
ck_8c5b29f6666d4874,0.3035722931948353
ck_7ea0bf310fc20c7b,0.9624135062628512
ck_54d463f7fd89ec3d,0.06581253235307262
ck_79e45040dbdd6447,0.05713224913817246
ck_60b4d59953505682,0.8428086289952023
ck_fb00dd5021642507,0.06901610217583588
ck_f409ff994a210601,0.22996209080999505
ck_2ca0020038bfec58,0.22590217829026035
ck_adf84b9df54c3d80,0.03321311428105591
ck_942dbf632591b65d,0.0032437290094410646
ck_454a7e4d859a3409,0.0007646496433340283
ck_2139062d4569aa07,0.002326633346786133
ck_e949a0f4df0b3902,0.029054921682114303
ck_bb113e3e6716ed65,0.007935161891842287
ck_6a28ea6ce69cb869,0.10143116561133382
ck_7df9910af2bba21b,0.005396036154389147
ck_78aa4b731cbfe251,0.05457797167460968
ck_5839f5cbd8165b1e,0.004848503340783472
ck_7158ad9e58769ffa,0.24658447213855128
ck_acee218cbe61df69,0.07644289458526642
ck_f8dc8473c2772729,0.15212996198929044
ck_f34c93a8173555b1,0.03848456383737073
ck_7cf301d075e4e709,0.01360481984608231
ck_b87e88ee5512ea17,0.0029214858570857684
ck_bed0c020b10afa3b,0.012563115328947001
ck_ca10102961f99eb4,0.005090245068578847
ck_393287947b5c8d79,0.03295888783371205
ck_2fe6cac002142f67,0.20857665172911108
ck_79c7f0d29b1db1cd,0.015500121027625779
ck_c735b643d3cbf67b,0.006870629116767864
ck_ea4332c8fe48e2a3,0.0012475141625256428
ck_d39864119cdd460f,0.0010645601704154096
ck_3b963d6be2773861,0.0022894961640346433
ck_df39e3b8a9fd0bfd,0.9569062474043389
ck_6236a461dc0d11a3,0.0013940433699323822
ck_475ebccca25e30d1,0.03344551540630676
ck_c10c8bcf5bcd516e,0.7892296648931704
ck_49ccc3716a564256,0.0016227555907088538
ck_4e4f99102f6938cf,0.023649267684789525
ck_a97b481ade6f7972,0.046565092619045095
ck_3fa559c679751b3a,0.007760781979851218
ck_3eba1fd2c7acc4c0,0.3687599588866925
ck_18c179b4afc4fccc,0.0050898416783358045
ck_cc1c0b93d05b7d20,0.9527148584236064
ck_742f7c28ddd019e8,0.6207933634689604
ck_04470bc93b8a0d71,0.017423243156037285
ck_6e8f8ef7a03cc6bf,0.2370226555874902
ck_eb1ddfc353b4da83,0.0002826957324340229
ck_98831b57c7ca2e4f,0.00036672578892985415
ck_a6c7b8d6e8596d4f,0.06407108917227598
ck_cd7d24e3b095e96e,0.14843661804268588
ck_3f5ae4673a9f858e,0.007057679172802922
ck_05f375fc8ae0afb0,0.18770242447708888
ck_1fc98436281ee39e,0.0008600429103919704
ck_6c48c58678f64bae,0.0030550638715823517
ck_8c95aeec6a4c75b0,0.007644292911534453
ck_364cde38958b7af3,0.6373686340541165
ck_85bf21aa1a00452f,0.010895068841407802
ck_796d3eaabc667c23,0.9998145500001704
ck_ac449ee0c315edde,0.002766002050912717
ck_6f9fd15ac6b163de,0.002313275338857006
ck_4087065be2a45ad7,0.03958294435236658
ck_ecf006bbc78ee3eb,0.8810747243408981
ck_8ca808cc5a49cb5c,0.3825520311752364
ck_94b90ab8b2dfb50f,0.0038206440771617577
ck_59fd11b3232de9dc,0.9900846778963652
ck_67f3794d93e2dd67,0.06606688768143007
ck_b7f5acf5df1bb13e,0.0007572548644283957
ck_fb04ecbaebb774bd,0.012315757320344891
ck_68ef3e7301c621b7,0.02023082007546831
ck_41406cfa209b6bda,0.0023223698425853864
ck_b0f8f5408662337b,0.0003328599954599269
ck_0d2901bfe585c391,0.03558434212852361
ck_3398551e81dbf3db,0.036060592371246876
ck_61c3e3e277629646,0.032265927758222485
ck_2825e34dd3e7ea2a,0.004914279589848526
ck_20d7571ba830009d,0.010442795204705842
ck_c98b16f9a72a6568,0.0016947601962400034
ck_e7c8a9e4641eb9ed,0.0024562800983192455
ck_254a7c97c36dab8d,0.30951886341170814
ck_e98429675b46272b,0.0027109075921215894
ck_c2fc0ac460786d02,0.17073030910296197
ck_fba15647b3a140d9,0.004444046721857075
ck_15ce50f2704227be,0.035438610834846195
ck_8c748aaa4a4554f9,0.0663547931578437
ck_e00e82a9419ff086,0.0067949466025724915
ck_832341c98254bd84,0.1182774986908298
ck_27466468d06db4eb,0.023456307358930912
ck_9d7b9e3ff1f3e71e,0.008832183388670384
ck_42c6973d3a6fe983,0.002108572224122256
ck_877c85bad118bc62,0.14036698934669647
ck_75d2a2715259c4d7,0.07932401247567479
ck_37d3e5c681a2214d,0.02014776709820531
ck_bf285dd49f372de4,0.01790252097955363
ck_a5bdd026fa9c50fd,0.0017879084502805324
ck_88d9244a9cf7a77e,0.432221894494573
ck_5881b174e49b04ee,0.0019156563395755506
ck_5b16d67c5ea89930,0.019071649416549086
ck_b75b936aafac56b9,0.023602135627575526
ck_aed2681e1646a0df,0.10942824657095887
ck_f63cb5e8cc702bad,0.032519218303051524
ck_1805fcfc4a9e4ffa,0.9450995972279458
ck_25c355da356c730d,0.034878100060489324
ck_70396398e4a96449,0.0019848354700142162
ck_0f743bd13373748e,0.018949983054285437
ck_4b387765f0e916cd,0.002719206362394179
ck_e971faae8a10a260,0.0041800224584706315
ck_9eb08369e983abfa,0.0030467863504360063
ck_c30c5844512e429f,0.02976328434959874
ck_59e77e3a81f1fa0d,0.0641219557716573
ck_ca4465f2b5c1a52e,0.9950559173205371
ck_c89b9ca398402f1e,0.0002183113926572294
ck_36e72ef9273e7a95,0.01291128892539606
ck_2bdd8616870e5e1c,0.004520234047817947
ck_216e87a41de22b5d,0.08882710377769212
ck_60f4fb44f5efe3a0,0.001046002070138389
ck_05652e8ace6ce6cb,0.010893665817132896
ck_8c136dc691e65695,0.000699798787010579
ck_a08f8dfadbdca112,0.0010445629772185272
ck_bda4041a3e90d860,0.12207394786209123
ck_15dd3ecaa8ce0245,0.9842671026733113
ck_3e3c64b3b7876ce6,0.00906896605599562
ck_46225858a38b2e57,0.0016867920976446783
ck_0cb9f54928f4feee,0.02788616725767578
ck_152671fbf8a9a78e,0.018737935992898632
ck_ee7a515e87d17d4e,0.005247151528153356
ck_f7276091bf513d22,7.421619064277516e-05
ck_4f05daf1cf0d5755,0.006214859001250374
ck_83a69c4a5d55ef19,0.2952982460998788
ck_c50fed2a7c9198c0,0.004990888731070312
ck_70d19d5650ddc8f5,0.05782085513986453
ck_4b4d99e443618904,0.014801183589445318
ck_dca0b6ca93311ca2,0.47441742205771575
ck_b7431d4706461ec6,0.03263843125720061
ck_7b59d22cadef3b05,0.07125064845934775
ck_53428573abcd606f,0.006583658048473293
ck_f538ab6aecf2adfd,0.0007634459711639784
ck_d321249fb065d2fa,0.1948858751708187
ck_72fdfc7e6d8e1436,0.00032868468366462056
ck_b52b99dad89ecdfb,0.00973254111441967
ck_d2d4282f9d256b3e,0.005365472308738362
ck_c8f2a1dd8a6141a4,0.0036646904826326872
ck_8d38747058d0aeea,0.25406181017045854
ck_3ac528caac74f563,0.12163942233373447
ck_8dbaaa00ad829ca9,0.031609650574018364
ck_7c38ec898f0fc21d,0.0013141644226619513
ck_8171ef803f5ff604,0.03399419333972494
ck_01a750db6fc1168a,0.061907621674572366
ck_ceb017baa26e98c8,0.21688840177289148
ck_e2c66c72cc0b0f78,0.3364782131964912
ck_8d9518f64b222416,0.001732510551247609
ck_804c5a1fa5753617,0.006976653000639579
ck_fca7cc9c42695453,0.0008812399368428199
ck_3a632cdf2c19051b,0.07341176224507284
ck_b2b63ea65edf1dde,0.034219189074365094
ck_27b07021500ee841,0.004673731353114054
ck_9724718fe64c6557,0.9975440475767112
ck_2786cbc3e75ec034,0.1526769226559246
ck_d9c2622cb6df380b,0.0018931444955380223
ck_ae1da8ee98e402a4,0.039447285107993155
ck_62967b91504149f9,0.006610119855873978
ck_6b255bf68709109a,0.016184492563981256
ck_c55afc68421d85e2,0.0018333321970115534
ck_7c7266f6ef2a8466,0.03514462675149174
ck_885cf685a9541190,0.9708866001898123
ck_1a4bb7d3d2ee3227,0.008398422598509857
ck_b4911c42f3bff740,0.0002202985161321625
ck_66f9f78d4c6a3edb,0.1124948467616366
ck_49bdba9ee1899dfe,0.02078769342272978
ck_79b235d51718435d,0.11232137951702235
ck_d840db8cfe2ef6f1,0.0015324792987754215
ck_610c7bcc1cd7ecb0,0.10067651017916504
ck_cf49b6544aff6c50,0.836001556420979
ck_de05f97c3d40dd1b,0.003791108604126484
ck_0302f67d75973dce,0.0036016227350161344
ck_54c2604c9ca6256b,0.1353690462414021
ck_a1c88c0568f142d0,0.8173967455026524
ck_5d72ff6cc2963d1a,0.0071310195227787965
ck_0446920a1004c596,0.004815819928564769
ck_71044c29ef071570,0.01275313983462737
ck_2122e9bb1afffef7,0.0018228618629187328
ck_d1e3de178601d3c2,0.018715833698560117
ck_bec8324a3587ef04,0.00033860828917917345
ck_b616b6f45225f319,0.05196238924978713
ck_ce1e695884511479,0.006548140763560572
ck_a662b4bf900781e4,4.3111013348413284e-05
ck_b5a84c5547378c10,0.000690166270603187
ck_f80af368cfc6cb7e,0.0021662921014540676
ck_da3526ab6c5c884a,0.01394641625641888
ck_bd20be9a3392d79b,0.05871666024173833
ck_b8266dcd90cbfa62,0.005796671694273457
ck_ac84b33304362c06,0.009449355788077719
ck_794d8935a895e33f,0.011280255562522516
ck_8fea7d915259f1be,0.00013014349583950015
ck_7a1519ad5ff45312,0.003151479650505671
ck_9bf3ce30b65f75c7,0.08176976039599952
ck_5f864d72d1eead99,0.19476534577232787
ck_3c48e0cfc2a58041,0.5024688888845598
ck_d902183f80cc81fa,0.031694275915304874
ck_539cb0d117db8cd3,0.6518319374587065
ck_28f530aec8e77130,0.014892056895977172
ck_e7d903c50d353361,0.04587777462827246
ck_d288b77d1e227970,0.02775201675217604
ck_017208fcc01b5d40,0.0014152345484203588
ck_7e3923d278a5106e,0.003047796010260776
ck_9700a00ff9e66216,0.008936280512166533
ck_5c36c78b7a4d138c,0.5042445310118832
ck_c457e9c9224b773d,0.0010414700452530375
ck_1dfa91405d7e66bc,0.026570702028383446
ck_f1d8a2695a575e56,0.008718014645228917
ck_3b92a46daf8d00d2,0.0006525017734127053
ck_aab23b5470469649,0.010980801712278897
ck_ecdd01a391610d99,0.004726692835562587
ck_abd3aa292f8edb4d,0.08169390031111154
ck_7fc9a0776e1339e3,0.0014367639948058768
ck_c0389ebeb0e65cb8,0.0006070865433395488
ck_48d0fc4f6a2109fa,0.9993951234121677
ck_571dee4f3336c7ce,0.07256389113430262
ck_4cedf26628c84f26,0.6670144767806494
ck_63356762d24aab81,0.08133092397695443
ck_2c5bc11bb7ae5d2c,0.9849199450198752
ck_6d26a152f900fee8,0.03339569512772551
ck_c972b0e781efed3b,0.005722504092960948
ck_fa0ecbcf9a33d6ce,0.0023684046533957977
ck_fa3a766e49dc77ae,0.011322131451279485
ck_7baf1e55db0dc558,0.021553272235010478
ck_e8bc49e6494c1f37,0.0032293516008695972
ck_8ef1d05cc1e53e7e,0.0630194615392615
ck_cef2a485a77e0723,0.001853909392114995
ck_228a583f23abff48,0.015444321638327633
ck_ac32c6e374782b27,0.011272797472527846
ck_b9485218cef413f0,0.0014411675424685494
ck_7f15503048915d6f,0.0032412179011265508
ck_b62f5144db15ad34,0.928006090246372
ck_917d82c552f95a23,0.08020850722577882
ck_fb4797045077bc6d,0.0010280120460335624
ck_2cf8a44e041217de,0.18244966420313855
ck_b7dd681eb3d2ee38,0.008643248209918606
ck_e9e8cacd2fa35e79,0.012048335493504135
ck_342a79f91de5d1fa,0.20884041611872317
ck_2c91f62c05685ed7,0.003236876276113566
ck_e30cb64302939f38,0.059459945022043305
ck_d0e95b90ba86da10,0.006050180346265805
ck_1774faf414a5d49d,0.9803464007674487
ck_2401e8ff89e574fd,0.6037211491149256
ck_0cd8802264e0a1ef,0.004437316712527636
ck_da84a0dfe947fd3c,0.023999278044321334
ck_c8affb27ba7fb5db,0.04646691828862794
ck_bc7ece8787ca7200,0.004674893804446284
ck_469a0578d05990c2,0.0036826205658560696
ck_eef67f8dea702338,0.023934066404898882
ck_4f490e379e9ded9a,0.005573849915875706
ck_354379de065a8ff8,0.0018517916323608648
ck_5db1cb368bc41ac3,0.00741154960642417
ck_9b1c3742dd6fcb8b,0.006511442924039648
ck_63ce4f44c92d7143,0.05069277465219491
ck_e15e3390f5ed45f3,0.013819186802922713
ck_da645ea91d66aa6f,0.29960627955735875
ck_834ca727df855f07,0.07394994772685361
ck_e1d5ad20c737c745,0.4009744947168042
ck_ff8059ae5fa5f1ee,4.141253779783035e-05
ck_8bb9e75393954a1f,0.0003691304191863551
ck_4e1757d1347ab387,0.9986817761770774
ck_af3f74b1d75a5d95,0.01252339493316867
ck_6b1ab0742ff04c3e,0.016149877977643945
ck_f56073911c9f1ab7,0.001872498180271528
ck_51bd5f69b4fe0b92,0.7368099031242001
ck_fc3d95030b81f416,0.00013685623347800858
ck_cf78169633a1600f,0.008837464146630903
ck_ad7269eaa65c67f9,0.009634723536753853
ck_cc6d33890d47a6cf,0.07019640814381405
ck_bc8f31f4a2ffa1ae,0.00013571641375952027
ck_720776a46e56dfa8,0.0054112460274062905
ck_e2d1f212f259539b,0.00910287681759216
ck_eaf6f7082c3db2bf,0.031704540992688324
ck_773efe58c6278c3c,0.061041893509212214
ck_c4a72c09f2fdacc4,0.0003499171236049512
ck_8982888dd6611143,0.00021024993664534497
ck_9d5049e195eda029,0.006529450798859536
ck_de58ef6f9fe2b546,0.009874730213006222
ck_c0b50c11e4f5adf7,0.054748458755359705
ck_ddaf228487858bb8,0.16286401013827206
ck_eb2323215ff70362,0.10622876789851406
ck_168c96a1a636ea15,0.09017597103561734
ck_9c46711b14d9eebc,0.0003616571476579411
ck_de8af660806b97b5,0.00026579747215378787
ck_6ab83f45bf16eaa6,0.03976790869585674
ck_bf2228a052815840,0.0018783751006004842
ck_3f943f20a9da9bff,0.0007731915374834186
ck_3baae40454c00938,0.004327906731753188
ck_bc2e771a1d8d2dee,0.03501651134132163
ck_e55f5ca37f30ce8c,0.021535125329357318
ck_4ad5937bef176d89,0.0032035441841635503
ck_126531a9126c17c4,0.00046324937298115046
ck_7ec423cb56257516,0.011006138241161572
ck_54748ae0f2daaf10,0.0020192124842971448
ck_ff24776280ceeeed,0.003997757717514689
ck_3c3a1a1365741bba,0.00154100109069763
ck_615277c8a4e2b18b,0.003126459313825836
ck_a96aaef34173aee6,0.06747022134436655
ck_bea56db7f3e930e8,0.002041846475281876
ck_ca491debd3b32a59,0.12202433876716222
ck_d9ea77f4114a389c,0.00034790245721066514
ck_322ffda3332d08a2,0.003932716511885449
ck_c40ffefe4e30b001,0.16338239681581015
ck_3b1d7648d4580bef,0.0010966638362120836
ck_23981a3261674131,0.0015499814507057919
ck_11667f5b9fac7bc7,0.0019320781886695364
ck_646bb3c7be5f0817,0.004467736193414868
ck_ebd0a45712dcf07a,0.20995524470026372
ck_baf43bf1bd963f9f,0.021766405531212688
ck_e0ca2c819658f6b6,0.9998498823868663
ck_f0d6633d0834fff5,0.012596734580292531
ck_91081be0254878a5,0.018373799475554873
ck_1325000bc7f35b5e,0.004745408230599048
ck_c624b9063400fa3a,0.08414829797266338
ck_0ad6fa0e23c3bd0a,0.1524244334154681
ck_6ddb55b1f23c6cb1,0.043121685578256436
ck_dce1fb3acd65562f,0.024829171970347827
ck_a9aa389688ee5aea,0.004443680539903628
ck_5c5284c45d9ad8bf,0.12931200608286625
ck_9ce743dd3e92549c,0.23020115711100553
ck_8342e08cc2f9bcb7,0.000441923955252554
ck_25e551a0a8d2fcc2,0.01589683420904869
ck_d4fd0e438c97e0c7,0.23900480244065359
ck_ac7fe1c344190c50,0.006934355697687778
ck_ddd65711b5651f89,0.00024180212143094595
ck_ec7406cb5cbc8f10,0.001465084263917602
ck_1c65e8d5be3b9c60,0.21382264737846787
ck_38ee42f15a573e81,0.10018304570050443
ck_0e5385c70c6de025,0.002393660469690105
ck_d3137f0f7629040b,0.03371460937025347
ck_9129c92c12e0c8b4,0.012165509687213966
ck_c86520a00e50a926,0.020629789925612332
ck_87f82b2b5fee757a,0.03376622240098296
ck_643abfbd7548d0c9,0.34383740691844755
ck_be51f4e5e6b85768,0.05247951068275023
ck_132c16312f37810f,0.005108629376483804
ck_c78c096ca8cb33ac,0.003115746472078805
ck_2ce5afbc014763b8,0.02830913315244187
ck_50ed8f4e7ae6710f,0.004578960287883037
ck_5a4eb535c9a11993,0.0042277283292487325
ck_9b665ef46d785324,0.003588054999166563
ck_e066f71f8b296b7a,0.0022834407469309766
ck_560bc6017870ab06,0.05542480817834423
ck_fd78f8a8663646d7,0.0036474531118272932
ck_4af5ec61ddbde1a4,0.03912856911857869
ck_c2ed04a9d218410b,0.0006184825354575264
ck_2455d43bbdd2bb69,0.0021704351784774907
ck_56eed7041add49a1,0.42815810209793537
ck_5f0be7b468a72333,0.009826213953372482
ck_19660cec756632ca,0.0012119160661484996
ck_fb90408f4892a21f,0.033273523775230726
ck_833a65b86a5d9bda,0.0005794580797440015
ck_2ac36e1dff211d38,0.038700149299076156
ck_c00e70606904539a,0.01467315679885305
ck_ba8affe4b9505a95,0.668788834096758
ck_0c3dd22587b08018,0.015506780866051421
ck_618c4e5cfae99dcd,0.02182257998587934
ck_c9690baddfc4177e,0.003483261764900149
ck_59fae092fb0c4aa3,0.011884148925782285
ck_e03b7d0fa0b28f4b,0.0004517005887940633
ck_d451d24c780b5884,0.011148486464909462
ck_e980d325b8dbb8dd,0.00045754893734089984
ck_cff18e2d8c520272,0.002421253585544758
ck_a0e46b67e986ab56,0.03903847275670094
ck_3a469039a5b9d963,0.020091718996836077
ck_12cbb211ebd2b437,0.014575176683871342
ck_b8cdd6d6dccc4554,0.003256805612831188
ck_794ba5921cef50c9,0.06964926212796745
ck_2c7667f64edec2b5,0.05354179342554757
ck_7262b4e0c29c942d,0.008518049018161644
ck_5d818522cbfe2a54,0.059503697097808
ck_de39c1947fb675ee,0.0736917225711117
ck_c021495606b4735e,0.021163143771342673
ck_1fc03ba33edd9e67,0.026754651464486804
ck_a6fe344bbf67f14b,0.04439474255885292
ck_963762210edc5694,0.02482845169392458
ck_d064428b7e7dc409,0.005612100862029245
ck_59be61b53d971611,0.028699122502266253
ck_ec8738ec663cd2eb,0.014384273337636054
ck_59d086fab5998646,0.001783124358995844
ck_bd32dd3b2cbb7888,0.9994522892901939
ck_ce0166addb93bbad,0.0062157838886662395
ck_7c0fdfbb447cdc04,0.011864863955164074
ck_cb1bd7635968ed8c,0.3166205936423502
ck_66f94903177f20eb,0.03131574397952363
ck_1d7cd5dcbcdafd7b,0.780084351321956
ck_5e418a7c04437b4a,0.03829839903510984
ck_631ea1ae91ab333e,0.13581885825613293
ck_0a8029e79a5ae7ce,0.06258411980685724
ck_c4cca8278bdad9b9,0.0315492858755191
ck_4dec3df58077a257,0.14132872942626806
ck_609c249edd88c565,0.0024474157163101723
ck_02e5f9cbbbf2f078,0.24740892761541547
ck_32e486859130458f,0.9829810814926112
ck_21ed2ea6386c5a07,0.0002115938572216593
ck_1242aa4496576a99,0.003081682914483147
ck_475ea9aa6d3898b7,0.030373890650145566
ck_fe1b1adae3be70a6,0.7700777854617186
ck_c5414d7a8031d4f5,0.003955195676289148
ck_ca1f6f01868e978f,0.20148106451759226
ck_5eff0208c74ec714,0.1771339082071161
ck_a315c9619a317609,0.03132481732078641
ck_2b87683c90acb852,0.009569145623148622
ck_7cd9f39c50748ed0,0.004145946441872746
ck_16a06d58d71935bc,0.08558872020304194
ck_d116e0e7c19b878e,0.5894858439893912
ck_931510e384b1d0cb,0.044867379898693445
ck_e7651fb87bb24132,0.0012866528140373591
ck_88ef9f85948e1a01,0.0022030983507619643
ck_17bf38d51115a8f3,0.0011942442688560127
ck_2659d1d3762a2825,0.06261210802672104
ck_a7285955e2852686,0.006824926675138753
ck_f2c33d5b65b321db,0.027598748453067815
ck_83e5979334345622,0.021583830281682745
ck_629537d8b4d0f395,0.01281814571193398
ck_72022008a92c9386,0.3459609820509799
ck_2973b8274f0bf69b,0.03967199339741387
ck_565e3418d2f4061c,0.08615415525863435
ck_54bb53b8f8ea32ae,0.9996877226382893
ck_af0a6540ea7a36b2,0.06867120925316285
ck_888651bfc2c8cf70,0.005606135114766535
ck_1dedcb48ac381a1c,0.09585614761674215
ck_f73273e220296be8,0.037904143361240976
ck_8424bf65223a5a9e,0.007049542884806767
ck_337b930fd149a696,0.03209967244805673
ck_8a4952de8a123ef8,0.0016125569219503934
ck_884168153c9c0c81,0.0001597060460352144
ck_fdda581aec411010,0.0005944909384865837
ck_2b7cadbc8b180d32,0.8700340543642245
ck_8aa8b9968233a1ab,0.001498919383437098
ck_0af18b3ce015d294,0.0012243972721517945
ck_8dde670a735d1e90,0.15225116057008956
ck_62f46226f244139f,0.02314722847455034
ck_f948e8a8fdd79b4e,0.017897805960941555
ck_fa00aa0f3e859904,0.05510162464498724
ck_fc7935f784a4f249,0.020111534273886462
ck_e7501307c0698e5b,0.21773345336431285
ck_549ed417f2834cee,0.02906975646771736
ck_fb2a35571ec719d4,0.05564335543521507
ck_25822068c86c856f,0.004470308886835314
ck_8f35d229b62c8f23,0.0020110780377716278
ck_bdcf049c1e7d0c95,0.032282258985243825
ck_0aa9db36eb16422a,0.002805939648665805
ck_42dcf92e9e016922,0.17043388604080525
ck_42341cf31c08c981,0.04943677515308381
ck_0b20bfc515ba42a2,0.14019040276088762
ck_0ec820b670d48098,0.00055953540153041
ck_1f0bafec397da8e4,0.026545227169433465
ck_82f07504ab59ed33,0.003873231063369611
ck_337b24a474010abb,0.9999198938924518
ck_703703bda38fdcf8,0.022791214582759758
ck_01e7960c63dca3a4,0.9975706823901044
ck_be5bd81e3715cb8f,0.9915463576419682
ck_197f8058cea1fbea,0.0056496358648906245
ck_eb3fb1106f2f1b21,0.019465275406036615
ck_658b4b54be09a4bc,0.9952392426252412
ck_266ce7ccf41ccc50,0.007372168550906343
ck_110608c3b03d4038,0.8015376160566743
ck_1be8cb95d6d9bbf8,0.0009969900297113316
ck_8e16a64a776afa82,0.92221708017037
ck_34bd190d37eda534,0.02197843043707889
ck_4f521611ae14ae66,0.003186929033626718
ck_d839798f9520363e,0.1320481498917556
ck_d1bbfd246c0ac9d5,0.024846413543027943
ck_f19030e6e85a6776,0.12192252210859106
ck_cdabe60ab59f9d5a,0.0084476731277513
ck_bb84b2b30293f566,0.9119017020830218
ck_427b91925952cb40,0.007074243437850874
ck_1078b1e155b5b640,0.00428443822576498
ck_95fdc264eac72fa0,0.0020794725776348702
ck_e35eb857c61548b2,0.8337575738089483
ck_69bd0b1abea7e1f0,0.08097461448854924
ck_59de511b20c842ba,0.00914275079424374
ck_168e7ea341a36b80,0.0015618845435738987
ck_4937cfa6526ea138,0.03349358878801891
ck_bb1a981306b750ac,0.6143882940839063
ck_f42a43e4c3f34ccd,0.0009246779225301827
ck_c7ae1d4b3ab38185,0.018675632462384982
ck_bd23cf9bba1dd33f,0.04871395220454373
ck_0fd826fad7ec7cd6,0.1680500919286837
ck_f143641bf3dd0414,0.023964240614989106
ck_ad6d48c20a3688a7,6.060808018715093e-05
ck_7bda5b5b927b2905,0.09038864508586787
ck_a337eb38eefdcc88,0.023285400710946026
ck_403da2a2d800df9f,0.1571510581497839
ck_aa01d5aafde73d0a,0.0003356215672067483
ck_494954023f0eb309,0.07011732743658651
ck_1c6820fc38135ad9,0.010998989011874906
ck_0e0bab173622db9b,0.14437566509094368
ck_547090bf35a3b243,0.0076437940686324875
ck_d69455220b21dc9b,0.0016267022044264465
ck_90b4ac695b9c6bf7,5.782578003294597e-05
ck_8d2afe17c0082e6a,0.015476551300095152
ck_926b81c0ba528eee,0.0034711380415910677
ck_ce36b0c287bd198e,0.16544854488993613
ck_8026e017909aaa6c,0.0007803718806102359
ck_dfba788f35d4c372,0.0028611627627666896
ck_f09f9d0e0886e0c6,0.03395093751318793
ck_4ffe0366df388604,0.001237982469203499
ck_75bb521de55644c7,0.015318132285596166
ck_81a960fddf79ecf1,0.9977086214793014
ck_8f43459991ea511f,0.003463232759992264
ck_f878b68d66fbfd4b,0.002851436351349223
ck_e84abfc0c747c9dd,0.784431913371282
ck_3ad3fd3cceb56b66,0.9894683664014376
ck_7cf562578c7f158a,0.0007084596017439514
ck_f81a97d350397306,0.1427182721875128
ck_255d87b7fb40caa5,0.007688138249851165
ck_b3905153b9eee924,0.003971495993279146
ck_2c80a592fb4cd6a3,0.007186156468737296
ck_57deb202d4188a29,0.00017517582908519686
ck_e3cb5f31d8e94448,0.994211183791993
ck_0db62d5f7f75f80f,0.008676499100211423
ck_ced9163ea85589ea,0.06917880805287666
ck_e16528edc694fb33,0.9920449158618388
ck_78cc5ec4940fec3b,0.08298744621444198
ck_31742076e9a998f8,0.00734325699138952
ck_5ac335f02280271e,0.04043151078806009
ck_7cc2e091806cfa5b,0.05252541457785722
ck_3152c7115257f084,0.00780872273359486
ck_ab1b9d019921bca7,0.017066285766909804
ck_c33a762d98f9b290,0.012237363514505578
ck_b16a7c51b6f7a6b1,0.019997975016028804
ck_97402a153348e68f,0.00023584738505263357
ck_95391029a21caa24,0.07797222895459595
ck_c2015a1200971fe9,0.007322150720710608
ck_ed4427962c68918c,0.9984073973630101
ck_c5e4a17d3efb19a4,0.4963820305587123
ck_8aec3d3dd51517c2,0.0018421134446561062
ck_f5178a658225d8e4,0.0004865853877515101
ck_8594f165e95316d2,0.00408115698178124
ck_f0c4aac04076a6dc,0.024776272136426056
ck_ac2f7397801036ef,0.006470455080724609
ck_d1ea4bcc407c7d5e,0.0015944966120681134
ck_cce8b6657a538fe0,0.042468469132183266
ck_66d0c6d6b67a8d58,0.0003555152263187638
ck_1a6b30320835e57e,0.011113483323196428
ck_8cd274cc85aa35d1,0.01987853481372162
ck_ada46085a78280e4,0.056603025884010165
ck_ce1b06623e4a815e,0.00910855691146066
ck_45e70c8a9686580c,0.2743190945229823
ck_0084d8ab6b1044f3,0.002612950164716435
ck_a5f7b6fed6df2aba,0.010351268136174312
ck_94940d783e7988e6,0.0022385209813471237
ck_00f9ca84d1d8ae7a,0.0031313698421449074
ck_0deb56f3f6452818,0.002641217947423384
ck_a58e900469dfc3f0,0.0028539943884321813
ck_028c41b195280980,0.00403180654717318
ck_7661d7ceaeb19f97,0.04799583149938893
ck_6957905a65c47879,0.022398167423140568
ck_f7c6c26ef3c4ae06,0.03023565077052191
ck_8777beb11aabd66d,0.00459304610391175
ck_7db098a17374bbf8,0.9703027721176277
ck_66aeb00e44486cda,0.16680278613635605
ck_838c52cc1d315ec3,0.04660841255210393
ck_1745847cd4e5dc83,0.003357983111106361
ck_201687857ec8b3cc,0.006015883962248843
ck_81818169208a8cda,0.0026717457335625108
ck_3303fd3f64632c7c,0.22445318692888042
ck_edf1096809e83ef8,0.00028743514800119035
ck_235ce9603c7dccbf,0.010437251765355579
ck_9df7e153868bca13,0.009922415098765083
ck_3cfeade2cf270fee,0.013543241156051364
ck_982b0bf2e2b6c4f7,0.0009613800239191714
ck_faeb0da678bb86c0,0.05317222525739759
ck_e86ad2fe815b6ed9,0.023274308030637913
ck_70d69e5d1bb99e85,0.01695531988560369
ck_7e9a8924eab779e6,0.9929275230338795
ck_019d5891103e7da3,0.01627068243587814
ck_14f0484b3817eda5,0.16773087821248564
ck_85de63d278f0fbae,0.001275946097404868
ck_ae91b4cff57fb3bf,0.0016883511914994535
ck_2a6d43b9f883b78e,0.7909467291776674
ck_7a4e3d553e8ab5b7,0.5086912943777673
ck_fdf89dc69f700f84,0.026768790992783672
ck_f92e04024bf13558,0.0038649687895576878
ck_4a522ca2dc4831a0,0.0003496011328582971
ck_68ba25dc3385fea1,0.43391786739199084
ck_22128a4f0d033422,0.013135400545783249
ck_5b52ee0a13c71590,0.0007588207910522862
ck_59472d17debedafc,0.32678382077601464
ck_9dde2c63acda3ba3,0.0007754037559228727
ck_7510b1023cd08531,0.0018201272911002693
ck_071ddaaf2e4e3671,0.015833152033129256
ck_1355db6f4010232a,0.04815986731461579
ck_0a7adc2f27f98510,0.03182999263564564
ck_68250033717cd59e,0.0015770124462156905
ck_7c12de74de30b788,0.8437783516200883
ck_65491367584c730c,0.4048094943681823
ck_e9047964952bee70,0.03678144717413822
ck_5567779d6ba184eb,0.008250111279038099
ck_d6ea026357ec6477,0.007730456646794901
ck_cd7dcc884e283746,0.026646705889099512
ck_0bd77fea8ed75a15,0.032439207431402814
ck_e80883208e8d0453,0.0708543018472561
ck_2ad0ecbacd5acf8e,0.9989715459927551
ck_6c1dbee7e8fdd5c8,0.0999611236367875
ck_ee4d9a7449515908,0.0004459332525195048
ck_636111f7f030496c,0.0008379247596450828
ck_2c629c657f73941f,0.3728284606030783
ck_c1c9d3842d758420,0.5113686349108731
ck_e4df7faacdfe8c40,0.013069898440327306
ck_94e8142728e44380,0.05088457877367088
ck_765aaf42c5088545,0.05874911614397236
ck_e0f845159b6e6a4a,0.02310013799285844
ck_5bc07deb82edbad7,0.0015479333210923288
ck_713159c5c6a7a4d0,0.9997020430260304
ck_b08afc91d9ca55db,0.45632264958934005
ck_a7bc323ffed2ea97,0.3775574193130571
ck_85ca825f905a34a1,0.008033933397242815
ck_33160c443d4b3f19,0.02985233712698955
ck_832d39c590a3ca75,0.8716148076087479
ck_7d1661a34164406e,0.9976617958010321
ck_c2466fc40fc9d5ed,0.9973927172018511
ck_ed0e776c0926ce67,0.016696925236699904
ck_cdd2ebeec75bfa69,0.3689806434840087
ck_d7877684c7923ec3,0.009993742406697804
ck_7384d4d2406aabf4,0.0037733545749455625
ck_b8e5244e650aa81b,0.028156316193406406
ck_25a1ea40b2d59254,0.00027728217882049845
ck_b9e5b318ee4de68d,0.021190417554631358
ck_620d7ae27af83cea,0.03171360560238183
ck_40b4e264d1a12b83,0.998770077822057
ck_b694c803b62862b3,0.004140721182500032
ck_cbeca201dbade3e5,0.0034247665636392565
ck_f9b439c9161c3e52,0.00018148881106890366
ck_9880410fcd10a28e,0.0009907350958392534
ck_74928f5f91aa12b2,0.042277450114625054
ck_b6673bbe61d2680d,0.02422854476869308
ck_53c8315b5c30acb4,0.0015689664726089968
ck_78f01d78ea79642f,0.05679747199283386
ck_8582490d6e365a63,0.03570872862806034
ck_af25c72d16299258,0.000536754535249459
ck_7905fe8e257b0449,0.38364387902818636
ck_0d16d9349e4a9e08,0.01542148462906719
ck_31b16b8848584e98,0.14719925636815928
ck_67207e3eecc02d76,0.30397657512602466
ck_e6b95ff91116a592,0.00908407539936443
ck_c08f622bcd6de6e7,0.15559794522228487
ck_f9a68da9e0f0bc85,0.006551982964822394
ck_4072b59388976896,0.0014241573419606613
ck_8ec86e853ad52828,0.10385144856616202
ck_4fecb87eaffd5cb5,0.0023418927683411675
ck_d6880578428b965e,0.3902339116550292
ck_bfc82b3c1c9f2897,0.9913719853811331
ck_c340644176ca03e7,0.006718174730174184
ck_321e740066fb05c3,0.6943930894399334
ck_8929d2eb09872052,0.49273375398271374
ck_205c107cec528414,0.6751009607850966
ck_e76db7d2562f9836,0.01656868453435979
ck_9ede51c8434cff6e,0.009760258895809818
ck_492e4b89c61b7b6c,0.0003545651823837416
ck_9385f5a1eeebefcd,0.16002647450960938
ck_ee52c7bf88f952ab,0.006047796030447224
ck_d8116c34302021d7,0.0028313138518120035
ck_01645ea51972e99a,0.1112698831101868
ck_7b45ed23304a854b,0.0045236572082303994
ck_2096d32f3d497ea1,0.2398290702176471
ck_dfbb2056f1ef7d3b,0.010457433360384199
ck_938ce30c864bc7df,0.0004389464550575504
ck_ff30dda2c881a4bd,0.6191328652849104
ck_f88c79186a082beb,0.03273182020617543
ck_08c7bb0f9851cb76,0.047061826072361757
ck_2675e7a008e584a7,0.0464887959015357
ck_cbaf8a954281d4e3,0.986907581627682
ck_8b24eadf6c72b30c,0.9798368240517128
ck_ffc8e3c1377d0706,0.0285863256600268
ck_5b59e859bed5b40e,0.03289145293144266
ck_7b61717f172f9317,0.998702191126762
ck_e5c30947b732f661,0.08424150856110497
ck_bc273f3ce79f7e1a,0.004852215728108215
ck_f69e93388b3028cb,0.11266228946534422
ck_3837ad850996ba60,0.028885619535406012
ck_36d78ff3bc033ee5,0.06892840840451649
ck_5e20953547ba4135,0.4129219760752907
ck_258d661e450ac870,0.0015987679955871313
ck_1df66f537496ca59,0.01949053328494374
ck_361f535599110201,0.014755562079031215
ck_337e98c69f6e7886,0.01973028530878795
ck_d3d5b2717cfc3913,0.05432858761741414
ck_b1dba768dbe7affe,0.605054869217897
ck_92d782bd9ce0d1e3,0.07806573031622427
ck_26bd0f8898afc8ba,0.00012242792532689398
ck_7916e53daab36745,0.15099956865017214
ck_2caf553b31831a50,0.0015000854937771819
ck_c6200734c7f9b2f9,0.9800626756201742
ck_cdc55623cb16e6a9,0.020005926470871196
ck_57849e15b61c43b4,0.004873676999304798
ck_b7af9b2ee0eebbc6,0.018997875167775114
ck_00aa5fc3b3bc66aa,0.024484581543706255
ck_9929723f65636c7f,0.9915963080371317
ck_8f6cce9f69912983,0.016082904966638542
ck_c422ba389ff00781,0.00026813697778713103
ck_9ec7f334604a228f,0.002402026184894888
ck_5d01200ba3341462,0.0028334231184126927
ck_2bf10be403849c9a,0.004958426843420814
ck_6ca018259f70858f,0.03302393366474947
ck_a54dc042ebb7c766,0.7645800974507961
ck_79da63fc100830b5,0.0026285541954623854
ck_67ab6f9e05c85085,0.08107939845733005
ck_fa80da579ea9afc0,0.02535813503660191
ck_4339f86c87289222,0.7525431471690844
ck_a2299b4f530be0d6,0.12178403761060426
ck_19db0bf788697c2b,0.023137757651902992
ck_fa4211c4d826d830,0.0007386182392464972
ck_96100d5e8e051e91,0.001159075329516679
ck_5c3a671883d58b3f,0.0004015482383703169
ck_2d9524787cfe1ab3,0.1212294887482425
ck_47ab8e51e5b3a2d8,0.019261741911310387
ck_c924f36bc1bbbaa3,0.04549560223524885
ck_5c58e7f8fd55e26c,0.001575814734475167
ck_a07e7409d6d5aa06,0.01254907545400579
ck_c8413898f5f7cb7d,0.03792450870668574
ck_577c816b41cab002,0.9526214082768206
ck_9f7807ed64cdb728,0.045571547275628926
ck_495d814d6d6d521e,0.002016921337127913
ck_7aa8bc018c2b003b,0.0029327381294188158
ck_7c3a6a82f3c3241d,0.006573499796667351
ck_487f7fbc290e4ae2,0.005304090822611735
ck_e556c4d36aadbe03,0.00143390902632881
ck_7e6569a1b2455cb0,0.000805917755918144
ck_de2924955926d046,0.008900068765703123
ck_73d60b4630e3937a,0.004967365527433643
ck_805ee564bd35ef15,0.012879117045481371
ck_0d40961e47797027,0.006627937890805194
ck_f06d00a4f9c87d80,0.0014605130179848054
ck_5ef50fb07b6737d5,0.0018459295829737355
ck_16541fc15683e21c,0.004445855218360931
ck_09fd43f1b7e2eca2,0.0009424709232540839
ck_2a2c336a69b8d68d,0.38531303487981317
ck_2685f38930866af0,0.006482121869286011
ck_298278a9da874437,0.004257696675614063
ck_00bd7803f2530c68,0.027513114301255977
ck_c2b4a1d8c0b6c1cd,0.0005914698444065799
ck_2acb54ca20c3af6c,0.022840775521773122
ck_e3d4b6f681c783ab,0.0431500556667577
ck_f90293f1eba5d7b6,0.33684965113804516
ck_e69d27e8965df0be,0.0016221037135967951
ck_b7f5d10b427346ad,0.006764300161437608
ck_1ce20e4223a936b1,0.006361271708761679
ck_6b97d1ab90f6bdeb,0.17976319561396703
ck_e30e17db5473c7b2,0.004423840206579317
ck_154c8efb19dee665,0.0013227765715091697
ck_6f5bb0c930644cae,0.999685992057354
ck_9e17699baa83d173,0.006360640773781669
ck_9693b1eb70880205,0.027557288426440393
ck_1e97899875bb427b,0.0030716404776014736
ck_558a82590f65df69,0.00014305136729714444
ck_18df83242ff3cdbb,0.09801247445225988
ck_80ad4396e1084c68,0.12162338547771467
ck_0a993bc947bab61f,0.11202700369846742
ck_5c2d43ff841632f9,0.0030199486193468045
ck_6e4b99fb9725d9fa,0.09919206251956475
ck_e0983999ca26c19e,0.04008773133870157
ck_6573c4947cc8607e,0.3092051346370136
ck_d879d645d6e44207,0.006369461479491671
ck_1375ad9f10688e4a,0.00026178956525974804
ck_7501ebbf4e21f160,0.026749026369773592
ck_ca60d61cd4dc3bea,0.0003073367384801652
ck_ab9ea095a5c58b4b,0.0013407965651466354
ck_23756522b58df5d8,0.0008874078413039872
ck_90bc176c43d85fd5,0.2728699739609976
ck_908b663b2dda94ad,0.009669420320465708
ck_4df2fb8e4b649e27,0.0008555074502706446
ck_5615c6bbdef05291,0.2521628239182891
ck_b62f3e3185251f71,0.0008345423648184525
ck_38d1a22850178f33,0.0053907994101809
ck_5b3ba20c8bb1383b,0.030228466564884527
ck_5576ffc6aaf6f22c,0.004592407127123828
ck_cf7a022178165e56,0.0034081218730602617
ck_f2c7a4c50e2ede96,0.002710778489149243
ck_285719c77eadf915,0.0006575947150327696
ck_f2aa1b677619ab19,0.006215928183031485
ck_3830c58d841e9e69,0.5527115539710625
ck_32eba3510c8eac5e,0.009135398955684838
ck_8955d7b9030d5eb5,0.0022472671182628876
ck_6775e387dace7525,0.06800908636010719
ck_0a0cd7f4be606a93,0.07641466722184409
ck_a9f700eee5d638df,0.0025892178220409787
ck_3d7db96995745472,0.02831140064421234
ck_aeed557007d52e9c,0.0003482498577691845
ck_79b6a86830156b5a,0.008961271886615971
ck_6a1ff9d69466181c,0.9996251903447303
ck_f11b1565f986f5e3,0.005840450062070636
ck_4819327a78615485,0.0017842517883735062
ck_3ed9e081959b2f5c,0.000999655629992577
ck_16af4be191c47d3d,0.0007249430158567492
ck_25122cc0e8b1a662,0.06280787856428506
ck_509c22828d467ba3,0.09888705090917733
ck_31109c899336348d,0.0034078692479648422
ck_c51131e53baa59c7,0.0010469598348017254
ck_cf8ecabbc61d3e11,0.007272161595088407
ck_eb6baff0f85ba936,0.010116916766997344
ck_777669e2243204f2,0.9682957245590655
ck_ac0ea27e692acdc9,0.0177605999013622
ck_4c6ea04ce8ca9e2c,0.0004970404075566115
ck_ca54b32fca7e94cd,0.0036998232259424697
ck_4dfd8947f540eb24,0.012617556803219722
ck_95aff1fe27fb24bb,0.010119406633912885
ck_c7550723b90e5615,0.024712463038442847
ck_57b3fee69bdf85e8,0.002835205886044687
ck_f823407ace7ff064,0.1071299495038532
ck_a69084a068bcc8aa,0.028871829602616732
ck_c7b17f7b24bef5d7,0.00161537271651019
ck_7c4e588f927c27c8,0.010414253004813114
ck_77fdac602d0c6f95,0.03461053752434206
ck_e963d8525018d072,0.01939148544529498
ck_6e8ebaea8f7bffaf,0.0010453174047828173
ck_aa42976a31cb7770,0.0005733404167259754
ck_22c862a496008c96,0.9999646718354586
ck_527550dd15f38782,0.013368398761175076
ck_b3ab3c210e2c7c19,0.15797730523763515
ck_ed9c56fdb9f45ddc,0.34649690844986697
ck_b53281da70defcfa,0.04630353939277355
ck_03009b721568ee98,0.050903772092426205
ck_3d9afd862b3f4053,0.8018055927753097
ck_ad3c4be96599554a,0.004597641398808751
ck_d1c787c27d50af49,0.11360824749610579
ck_c7a9c7b2eef46a99,0.008043314515471257
ck_53036d3c6c74446c,0.21849457434199934
ck_1b1efbd9c0964c8d,0.09196911093476604
ck_d66f42a269d5c1ed,0.010133300177331966
ck_fefc49a2b8ad993e,0.008772706798277602
ck_8b3b874249adece9,0.06161244590276867
ck_193d9c87ad3f1dad,0.006980107565220502
ck_0c6a50d747593b7b,0.0036106636977142384
ck_c830f3830875b47a,0.004415973011592552
ck_79e202f06d8dfe42,0.034604790365032445
ck_5c0fe988b8aa7fcb,0.07758694759932883
ck_a8382d8345f21e1e,0.0044820786378037495
ck_8cb20053914692d0,0.08261323105926752
ck_1da2f69023ca4c13,0.0032653486237986516
ck_38abb60995114f8f,0.045261584485211434
ck_f5791fd8fd8fd191,0.0268045779431945
ck_a4e6fc391b674335,0.5191638807210485
ck_bd771efb4a7e15d0,0.04115825805702836
ck_38ba4a6b6a292054,0.06325224206625506
ck_f7a07283345a0dce,0.00036827890736037215
ck_87dc484baaf5a23a,0.009145149663561877
ck_c84ef83489badbfd,0.0242885880137551
ck_a397cd64ec5d644b,0.004491984075607232
ck_7977135c2ff61e92,0.005111765432246693
ck_52174855b243a8b0,0.09615986898291157
ck_0f35e930d0614613,0.9990903844736286
ck_b170a7db522a0d6f,0.05966699528789622
ck_7af748a23775bd54,0.7022599385706839
ck_52f641c9ee6fda70,0.000262038749869341
ck_c3719a30414bbb4d,0.0009790645063605958
ck_2baf214ad6bc0dbf,0.2513493951305351
ck_8b39d8aacfdd72b4,0.0017884561480535186
ck_d39b0152116203be,0.008015158701426103
ck_ed33f8a937f9c7c8,0.09545202082049736
ck_8ef97b55a5fd6ec9,0.00010376080031465894
ck_8247f008a14bd1a2,0.002250387844941741
ck_f0d349d68249d5db,0.0012839185042996496
ck_a544e766540861fc,0.026428005107947957
ck_9dfaca4c7c80b10d,0.045558832017320784
ck_7e5401c362b2216a,4.608582406694025e-05
ck_64ff60c073fdb6db,0.02174043656055637
ck_fc5ea49518e5d637,0.0018186383946695302
ck_580f136ced341298,0.003908687719837578
ck_9cbef9bc95449dca,0.0040122456825308
ck_e475a3b8ba870a7e,0.0018405359632386916
ck_97e94708bcf43563,0.02217750435702593
ck_13f03ec785cbdae1,0.00019177241129201164
ck_152820d8817f478c,0.018390852846786057
ck_d20d4ba60eec9945,0.0016390222054243027
ck_5c45968a805132e0,0.038962133109695124
ck_bebea2cf3063fb24,0.013729276765845372
ck_c3c69aefe7ea1d2f,0.007052642872996409
ck_02028b72f26fe855,0.027878427141012654
ck_dfadff70a58a9133,0.003166519742000609
ck_6482ed4491bedcaf,0.014128733402788864
ck_754cd7b4a5ae3f94,0.017315376202020522
ck_3132857aec8485bc,3.331655608067763e-05
ck_7ce4ca91b8f9f1c1,0.018650179528265306
ck_41938582f4351772,0.001440649811203567
ck_f87d66946252476c,0.08551275975667509
ck_8053f1879a9b4e43,5.952522825281328e-05
ck_93892e91387f5103,0.03957625943725396
ck_15254db133b28371,0.36215478233601855
ck_d557b9feb241b3ec,0.0004668208272736863
ck_71c3a8e4c12c989f,0.003340485501938685
ck_80e3041811033443,0.03533430296787918
ck_3380d60067b4634b,0.007324340026657155
ck_a9c2cdc758df8510,0.011744964763523642
ck_3c0031d7514da17b,0.006666419189557023
ck_18d214b1418be39d,0.011941547620945457
ck_7ce768407fd48321,0.08160663142064324
ck_7a50abd42298133b,0.009174226552235758
ck_2db10f987d137582,0.02750995774502295
ck_e077d004cd1d80ae,0.016022249833751834
ck_1cb6dc67f9a321b5,0.01946016729040103
ck_b864f64101149c35,0.18385698133899886
ck_9bedf54df9418e4a,0.000389744728128887
ck_c47e32c47f0e6578,0.6917312632938943
ck_71f382d5e338daa3,0.013021679008652375
ck_14b4bf7be6ac2b61,0.05730273384862548
ck_5c87eea1cc07cc92,0.009507259353364682
ck_5f445182829ef342,0.011303818352353251
ck_a5d7311291caaa54,0.00406654133272516
ck_b7df99aecef385e6,0.3787494640249896
ck_3327a0582407068b,0.013914631335813879
ck_08dba09fd7dab896,0.04784639811964458
ck_f4ec334be5266378,0.03128688594902013
ck_240f7f894c5a86e7,0.027670071308928113
ck_a9d994554fc14a02,6.817549107597192e-05
ck_13648cbd306eee6d,0.008287968092345447
ck_601edf9105b3c321,0.9991041969094793
ck_9527adac182abe57,0.3794445978665462
ck_4e0e80f5cc271bf7,0.00011534440075568646
ck_96a89e720176b389,0.4605322160694224
ck_63560eec94b76d2f,0.011698418609049528
ck_c9c99e5b19aeced8,0.005251197658174746
ck_bc32655ee5ed643e,0.03842620094181423
ck_edccb5a93b741744,0.010384950487673508
ck_f786cbc987b70930,0.004752947491940355
ck_0e8f26536ccc8947,0.017959524472531855
ck_b87ef4b98cfcec4c,0.048923515751610296
ck_1a9235812de4b2c1,0.021693926001923866
ck_d1ed88ea4211ba4d,0.006231048459243133
ck_a4ddac49657a4450,0.015063938350758825
ck_d9ffca35188e49d8,0.01261661409615837
ck_3db73bbe03c3d240,0.00032034843657878466
ck_fffa0622344a36ab,0.0012993590002605658
ck_148c28df51bba5e9,0.952424881084594
ck_076cbc25c8f15fc3,0.9994249516627629
ck_e5ca550b39ed45bf,0.2729814781127516
ck_8dacf3a2061ca17d,0.03252974968760163
ck_2d7394afd61643d0,0.003001416029356843
ck_e42206e91f6a1752,0.0014296901149306327
ck_2f4f94827984c426,0.0023896348954680646
ck_edfe8e90e8f4366e,0.00044703134234900366
ck_646b15f753e5e9c6,0.022261795824792544
ck_66600620149c8799,0.014536051996530321
ck_4ff6fc70bccfba96,0.5567139236129739
ck_41af3729590c2484,0.010753584490893064
ck_920a48ba8c583e96,0.007325870537945084
ck_0253b3e7be021306,0.0003310828806200143
ck_2ae6949246ea2648,0.03513821650043775
ck_db23a5100f338d72,0.12018082777395936
ck_fcb2a559474c3493,0.012150499871957937
ck_0a4d7acd2a53cbbd,0.010406461435097727
ck_c5d62b2b7a6f3bac,0.9986539617227205
ck_cf59f4fc0ea690b2,0.0001336333682366637
ck_837be8126bb19250,0.00046922832710907185
ck_58955542edee1adc,0.0012375023100768658
ck_1b93381d8eea58d1,0.003682361292317939
ck_97b8e05d62abdc14,0.03170008167190002
ck_71a0d645744302a3,0.0035144183230827962
ck_a7b57882ab66b111,0.0006453695514486457
ck_65f76421be648549,0.013155810136767273
ck_b53ea8713d32ca7c,0.06508993432249406
ck_991c4c924a1d85ff,0.9407390556329099
ck_8432ccec1a4ec7fd,0.999294572809632
ck_64c1633297f43788,0.004445178770713213
ck_4291fd9c1161d8e1,0.16616688115506578
ck_5e98ed6391d9f429,0.05365822400615934
ck_c7baebe4549fdbb4,0.02782702483833721
ck_6e67225ba59fa5ae,0.008735948159986946
ck_719602def4d35fe0,0.008065554204632832
ck_bdee7c86f5ebe81f,0.005065031819697607
ck_8de38f8c7f91961f,0.03531089442702851
ck_b0b5bf9254700402,0.010202428971353658
ck_7b55d9bb1a250d4f,0.06961602242069215
ck_3954b7b0fd1d6614,0.00010200668163116732
ck_f29471fe7c818d6a,0.0018740304453515658
ck_9e65a8a2f587691a,0.06088083394754309
ck_eaec5f1a83b66eb0,0.11950841529079098
ck_004fe0daecbe2c1a,0.0029482575473616665
ck_d17653a4a2d4a79e,0.14361240596027505
ck_0dd417fcbf19e424,0.030538489580788218
ck_4c99a6eadea143e2,0.058115868058559006
ck_74d602c907ee9119,0.0030356247553095157
ck_1aa87cb62acc0ac6,0.08659785389138033
ck_094974d75e29fb2f,0.05326726640695909
ck_5ef935ac3d4d3332,0.26934792744998304
ck_b26e4ae47c9107ed,0.2815591934049054
ck_396cea6f95186ad2,0.06704649424515126
ck_48446a9e8184c7d4,0.0021318018481596953
ck_31e1ede23247d56b,0.01147839942140575
ck_7afefa349b960a3e,0.013653348847860585
ck_f5e02a3432571b20,0.28331706049044253
ck_64eefec062592c43,0.011199527300221168
ck_a1201284122c141f,0.29178040446537784
ck_1b34c420a4c85a95,0.007855310498876228
ck_d637a011332ba67a,0.00398921882249487
ck_99c0004d8b7079f8,0.0018088058249001498
ck_948517bad569b40f,0.07175758121148838
ck_a28d6b1601b472a6,0.22078879954163405
ck_a0b4209feb31f5c0,0.999711825608804
ck_d6d2c1f6dfc455b6,0.9312600639007081
ck_3f9e6d356d3dd3cf,0.0023424456079219813
ck_d08e00c842b75176,0.0041843362968932455
ck_bfdd232a7c5f2660,0.702197006054718
ck_2cdad03ed069438c,0.016086593435258874
ck_42317c3eabd0a285,0.101387839387514
ck_3eb73e56751c704d,0.04150711851719864
ck_ef33c04f4c9e3758,0.056604552233773274
ck_1dc23dc870f1773d,0.0035349933810611685
ck_76091f357974a152,0.030995725116299146
ck_4d9eb75e8eee90fd,0.005786626005724384
ck_578f67e69e5d2cfd,0.012029749813149871
ck_3a8ce1cc724229b8,0.0003927270257932064
ck_a96887f841e80fc1,0.1205047239113704
ck_d2d4a8f4a9f2c33f,0.006039260523355645
ck_11f85bc705dbe036,0.1338002591762154
ck_7429b3f87528e335,0.0031269308402308896
ck_26df74feac7ec51d,0.008213527492010781
ck_c78b2638fadd91ab,0.0028501518708417173
ck_7eaad325abe3b50c,0.0029858995891833685
ck_fd44e34af620e606,0.052150472996069
ck_f99738dff854e25f,0.00011705338776700365
ck_1ffbce3a239bb264,0.003922800272857272
ck_96c7d52ba0a766ef,0.07142815884040947
ck_cb1c00c300af3f9e,0.011503071149312224
ck_ec3d12848ced99f2,0.0017512730394127717
ck_26cfd7c3c6c7bf69,0.0017095413066006747
ck_7ae86b5a885affc3,0.03404131704451451
ck_3edaa94d28cd48ea,0.003828173383805767
ck_3209c530c9812e39,0.01707162962799666
ck_ea62ebfc1f04b49a,0.0012066829138908401
ck_5fc90b4668ea81bf,0.005879247406670485
ck_95654593cdebd141,0.030799125338802476
ck_958c0bd61820147f,0.052101901026298074
ck_8440ef1386c07194,0.00826567442151953
ck_8cd1b68dd74b1375,0.1603702562657136
ck_c9eb4df91ff07f2c,0.16466281229344465
ck_c29489366c01fe65,0.9957054923511884
ck_c965fd6bec0f0ecd,0.02558572953952623
ck_84c402b23766e1f2,0.160211164540781
ck_181f3dae03b87136,0.048075171401438466
ck_022a8ae79eb28cf6,0.9928828808818007
ck_469c17407d17b706,0.004258479171516362
ck_1fcc5843f39148a9,0.0492565324982597
ck_5debd55f361b2ddf,0.006396140356927833
ck_28cb9b03e89263f1,0.0004625714938127588
ck_f067470743d3c7a2,0.04007377144603193
ck_d5d225ce41a1a762,0.019979194460068014
ck_15b4840922195ffd,0.0009978196896618745
ck_6bcfa37c717f19f1,0.03355254960337793
ck_8d501a0386c66be8,0.1421271473474062
ck_1a9d6190c57ea7e2,0.25449546328008776
ck_c49832eabdac5bb7,0.010531262538406399
ck_b4331140b2e0d4aa,0.0034554237814327675
ck_5efbea1befdefe1b,0.3275504008072455
ck_72ff52c4824072ce,0.17541993538261513
ck_ec3715add8bbb6e9,0.0002231493151033996
ck_9822f8ed05335741,0.00225970629834083
ck_c3d7d3d12a1981a3,0.028563481752590048
ck_a115a7919ac5875a,0.11056167278027709
ck_4dd4ed23e0b927b7,0.8251456421027064
ck_4c76efcc1ee6762d,0.001355092968145315
ck_3ad6e7bf452c9b21,0.03045403506810428
ck_dcbab304b55a42c7,0.017070996469857415
ck_24b53090faf722cf,0.08744897006202867
ck_187317383400491d,0.0033192713035467536
ck_e07fd57565c94c28,0.7341059521488079
ck_740e760fdcd27835,0.002542972950894084
ck_d3796aebda1cfed5,0.9773946340488682
ck_e541967c681cb929,0.004865536572821167
ck_431118050b834dcb,0.0002240782735243457
ck_90f3655f0c8a0074,2.5382706169136125e-05
ck_13cd943777651aac,0.0007363828436348675
ck_66accecabf3901c0,0.04428615122523267
ck_937f0da2306b2eb9,0.0035753280607099176
ck_105b0c93573fd5b7,0.5928022269015901
ck_00480407160e0743,0.010759218706453147
ck_e032068be7b77d15,0.09327351194809697
ck_991b7dfd69098320,0.001975789573525187
ck_37d47cf0f34574a2,0.0024574512413159193
ck_011551a596544f5d,0.0009352127600720152
ck_9acd98f4fe2d474e,0.12370896717437521
ck_7c88d3d377bb61bb,0.011057118843667195
ck_e2374c7136c964fd,0.16950539218997698
ck_2fa8f2577116e9ca,0.05988812795906136
ck_d07c5b0321c685ea,0.27296157630525925
ck_bc736114a31088a7,0.055019597297597096
ck_32bb42f9bff197f8,0.02726214125507581
ck_66267bbad1f1415f,0.9998372652256942
ck_19988702ccd79201,0.0047939179608409216
ck_f473a03fbcdbc4b0,0.00042143641094384056
ck_e3f1d85fa5d49396,0.02529458669888925
ck_c4402ea6291df271,0.0810673167821745
ck_243bd5ca8c4ae5d0,0.005585530071727308
ck_f271e855925e8d6b,0.1343982741825507
ck_e424148c6f2223df,0.00027022861342392257
ck_e4d0a9e1102a58b5,0.14602593549549694
ck_91c2a5fe69b9b1d1,0.0010631660034346993
ck_5fd8924732fe403e,0.27598546236597327
ck_9a881d5433126ada,0.007703662332592356
ck_73cab88b29c7845d,0.22058135426118777
ck_5b5dea6476d4e182,0.011001802813525427
ck_ccccb17d2ca6ce94,0.07465628280676624
ck_cd1dc68e441222b1,0.9967622077898939
ck_8312c49b1431a406,0.09553508661745352
ck_25fea39897f2a559,0.009766010986943114
ck_f56200205280bddf,0.07821205226817685
ck_7336611650dcc088,7.490393759563206e-05
ck_590716322ff147ae,0.10266560417155171
ck_c82364d87875a1a1,0.012520579415383494
ck_fa4b60387d744fc5,0.0014296831322159755
ck_d841eba8906e9a15,0.0021526405590469467
ck_d6df562a79b9d0d9,0.044196648684309
ck_59a14d2564193101,0.0016564630416802538
ck_8530158e3d7f59e7,0.009826213953372482
ck_ac68d707006c12a8,0.002136497942369254
ck_976fac1bb3dd8c58,0.024254970275887102
ck_f854fba8f4adae3d,0.060198278435685953
ck_b98e9c3ec6e7d1e7,0.008334596994072529
ck_803c0b4cf9d4bc1d,0.009903736987404103
ck_76997a33c3ea5107,0.0002438657337468332
ck_f1a9d832b700bda1,0.9966354392167605
ck_2bd96ddb8c323d63,0.9991944606387136
ck_9e5b7acf51b1b743,0.0947963622383746
ck_09169f22194fd6aa,0.009103489920227853
ck_6d69e092f9b0848b,0.022706945429584038
ck_9f83fa5a2d3b9049,0.08692304213604304
ck_57bbb19eecb4b87c,0.001341222218982793
ck_e0e9cfabb979f428,0.07677054797636666
ck_b1ff9edc51d42f97,0.011677816432620928
ck_4682fad271d47eb0,0.9892546743415379
ck_ab33fb754c818ae3,0.024741068362529706
ck_b456f62b80e21557,0.00010044176470293758
ck_16340be3f2a7fffd,0.009029430530862305
ck_ce66831f6611014c,0.03210699692554806
ck_4610a073bb54d1b1,0.022104230173592414
ck_fd038a7d33a9d6e5,0.001976163847786297
ck_c8198cb4c461304f,0.005521808531086661
ck_1e7de58822000dea,0.0007600042752901381
ck_b2a79dd3df560f14,0.050071443741685914
ck_74a06f347b32347f,0.016045390601120143
ck_c6fdb2972417c9bd,0.013290582319093396
ck_d7607a213b800bfb,0.01694423523228715
ck_df65967b8b40319c,0.016717297031908804
ck_329a73dbd585ee09,0.02699486579598566
ck_74991a9e85c3b07d,0.005673873047738323
ck_bb76609b79e0bc9f,0.0010335735013060434
ck_f7fc1bd0b9ab1fa4,0.030613880698499133
ck_d111c98b36bdb791,0.0004298552630949456
ck_f07e27d125497b66,0.018943194555783513
ck_093e3a7134e11d6b,0.09868575356990439
ck_862c7953bdea48b0,0.008407002242480855
ck_392cf2cdd515c34d,0.000537767725926638
ck_80eb91b0b4001084,0.06610219545796614
ck_5923f53b77193a58,0.006471253364122571
ck_8049f5fce32be185,0.738788330068471
ck_ebc5a2c6cf88e252,0.17448786917807174
ck_9ea5872f14cce338,0.022341180099627923
ck_f7fbc95ebf584379,0.011564891719813144
ck_bafe82c870356706,0.9939760895350547
ck_278b36c5932d9bff,0.001993151010849954
ck_6a892dd5d05c1649,0.011396764313216979
ck_0734fd90b2cabd43,0.004082869646543222
ck_9b552204498b6762,0.008618947663751325
ck_f6c909c205767956,0.04532323028828689
ck_32f590e87bc3d715,0.000170588749693367
ck_66a8325f28be7562,0.0011500397737279357
ck_b129261da9c3c3c9,0.0009821492268372494
ck_a524071c51ddde20,0.01770452740822782
ck_ba576d6d4cb6130b,0.2834459250508177
ck_8d8226520722af78,0.011561707061914263
ck_c5b0f0d4f1655a20,0.2245504126287089
ck_61814ae9b6d8eab1,0.002497862372022063
ck_382ebf136f7fa337,0.572873374992058
ck_423ff4ede6a9f066,0.010428074980550258
ck_546ad962d04b7de4,0.9945573426490188
ck_9473ea4a01c95f9a,0.16358390884760235
ck_9eb1da8cd35a50ce,0.02040321032438226
ck_de5eaa2cdbcb67ff,0.11671746030631673
ck_537cc97d0398c922,0.11848242930308384
ck_998475a2e4dfad4e,0.00549033574148474
ck_e62eb708d2688fae,0.0423643740918369
ck_ea623358f704daa7,0.3893803029510594
ck_b911a09f328dfd4b,0.0013686274036199071
ck_4b3506b624e5193c,0.011621685547480947
ck_448456f96788713b,0.007848503197410843
ck_5d5ef9e75f65d076,0.0019080694271413356
ck_3b74512f774a6e5a,0.00034258802766698004
ck_a032e8ac1507c6df,0.14513297571355857
ck_7e2d6b22a0ae20c2,0.2270227157341358
ck_d80283209c963f11,0.0033181616830658695
ck_d1157eade2ac3975,0.04540217819093621
ck_be48f583f79427f7,0.012158184646099093
ck_0027b5d4107d65d8,0.034317408525871326
ck_94fff69584dd3b2a,0.045403772319418764
ck_75fcda73f0b43557,0.09491169312958644
ck_a1c78972e4ee4082,0.1273409107627491
ck_f0982bbdbd122f91,0.008312010982991443
ck_3199b471575aeb3a,0.0008035434390800634
ck_7fa947a0b1c1cf74,0.1007480200060276
ck_a60c618b7f0e4252,0.0024005972633790494
ck_722ac47c8ac9b6c3,0.3477503862954866
ck_d44dc3839a195c8a,0.060757837389076225
ck_a2c3e82fab520483,0.052954034000793036
ck_6f8ae0319c07cafe,0.002121386313309263
ck_49886ff1e2c759d6,0.09693542765126877
ck_150a1108f936e6b0,0.007187881999901134
ck_e21f9f96f597695b,0.00341450418518984
ck_7297bff2b7fdcbc8,0.0002982454545150201
ck_ee949c71f4f702eb,0.9984047006167075
ck_6fc37dea4b4f35c6,0.12186834246697788
ck_e76257caa98dc25d,0.9956030498395505
ck_828eef2334e17b3a,0.17660935667897407
ck_604e1b8a8c693aa7,0.008723130623182855
ck_7743c9fe037d1f9e,0.06676067704993224
ck_864a11202e19e812,0.04876255829696925
ck_4ec040b9e3785e4a,0.00030904010739250966
ck_7346e4f820d9c00a,0.9941339018783517
ck_48d4d63beb26b623,0.003456826963931631
ck_c423aa6de3ed1e01,0.016333963101160268
ck_d74b2ead8aaa3f73,0.020306125727397113
ck_1dd69a11daa7bf1a,0.010169069962169772
ck_d9143e236eef177f,0.07159647797031753
ck_f790d91e5ff0eccd,0.9469682833958897
ck_69b5620e00ef5dec,0.0001165271859553851
ck_cd32e58e8a1c0e85,0.04025960307350608
ck_064013b0957d87a5,0.9988076993035345
ck_a481385c2e60dc4a,0.007052536308744223
ck_d72035cb29db3aa4,0.11528168616903933
ck_3759939a0205306d,0.015051869170884047
ck_f437a53fc832ec95,0.691258972219664
ck_260ef2f3e6434819,0.6162517551852708
ck_35e411b05d22f663,0.009877701627061627
ck_8bf46e472f3e20de,0.4496455888490203
ck_d546994fc5d3e9d1,0.001823876401567485
ck_6ff0fc7487e737e7,0.5750071078636836
ck_5c67f27816ae0b6f,0.004909122521964009
ck_c5517923458106ae,0.00855147052081466
ck_d9735647a6b0b0a7,0.8466503370196475
ck_541a734fc457246f,0.010360714139346052
ck_2f6a639468f41043,0.0025633303100618464
ck_bea2cf7a6b7bb900,0.0327917970380756
ck_7eebd0e6ad6c070e,0.002318331038724661
ck_b64c87d5e3b10e6a,0.9009187579186176
ck_9dd7daacb7833233,0.001344177099027192
ck_396e9ea9a6c6d7d9,0.010266053488650891
ck_1645e6cc53fa99ff,0.005911576531857914
ck_ea2a83ccb8d57490,0.00016520846210958757
ck_e64f0df63e1be595,0.005178674223677315
ck_fa0b234481cb57d3,0.12837925992542287
ck_63379e3c9fe6f711,0.15915585850078692
ck_c67f7944896a0310,0.5666493344445116
ck_c10e54c9db29e6ef,0.9996009283375065
ck_7184ad7709ae4c80,0.014406447497405078
ck_f8b6069d7577fde6,0.0014507958436515561
ck_18444be153bac1ca,0.9660864462197214
ck_d0982b4e0e118e4d,0.0037084919684334527
ck_6faf3e6820398866,0.26081151179670753
ck_97e980463aca4644,0.016650028365431224
ck_630c835243c66b19,0.9961680548943013
ck_fe429ba3e1aa0e4f,0.002034711748633887
ck_1058129ed7b48c59,0.017616348055322164
ck_04a1a46f07885296,0.013171205017814247
ck_f01e94331067edf6,0.0015985697454856942
ck_77b2fb17c29f5e72,0.06435831518668571
ck_4f0c5857da45fb28,0.03189954354883866
ck_2cfb9a7775e8a5bc,0.9767554548661028
ck_6846100e43659bf3,0.004223185930577085
ck_f89719a854fe11d7,0.0033307203290014577
ck_bf47375e41ca3bc0,0.0010511917057807426
ck_2770b0400a7bef08,0.12768226262422283
ck_2a09d142de1c77ff,0.07208576382232242
ck_857a1f5547b9ad68,0.006504100234687501
ck_185f15b1523bbcf4,0.0012327063875449285
ck_ab2aed614ec1cdf8,0.07490254318964139
ck_a9e7f3b2d5dfd97b,0.0004218282887188035
ck_0eeb3d9b3e697edb,0.034881713694578244
ck_fa5830d81bc8ddc1,0.0001958458930035086
ck_231ae0329ebc3220,0.0017035412617186201
ck_1587763dd54688c9,0.006086531328550584
ck_9f85fea4490c00cf,0.003373147923306147
ck_a2d709e7eb91e4af,0.03648688367007027
ck_43637d28c7216453,0.00864782505210636
ck_f3ab5dd853d38252,0.003528972412583735
ck_4a1f0172d3bf4fd3,0.004856180298583756
ck_517620ca16505af0,0.015969039475878664
ck_9ae904fbef56065c,0.001798160162007181
ck_d5ef1f6e34bb35b8,0.019060122782274473
ck_ff42557857ae3aeb,0.004077120395908333
ck_ad9a18f58589faa7,0.0005426476816744579
ck_df1a6edaa3e6b271,0.01811307084462488
ck_99021fe7225b5a68,0.07628551939103548
ck_99e52c3c2530b69e,0.9994629448492341
ck_3a4811dc4a1a891d,0.0045707387656925965
ck_ba3a6be026c87079,0.007293444066163734
ck_da6d1e5cf6aba6fd,0.014926286003937422
ck_ddc7c1f3d45fe6e6,0.00803836711335178
ck_e1b1e7a7e4a15b3e,0.0005451793493363339
ck_8288f7f226e08b89,0.03795972396172989
ck_c4524993ec31dbe5,0.0002625810562524583
ck_8b19bb5b23b6741c,0.03799856516064155
ck_d21b38231a8a9f4a,0.3311990620262907
ck_3f730318a9792292,0.0314261818837528
ck_a4db6e94a8f77f9d,0.008533681780364503
ck_a8cac8d480306839,0.0022978004666875896
ck_5472214011fbc2a7,0.0015907270085231203
ck_7356f47dbbbe7904,0.006797657645664755
ck_16801e628e883d78,0.003873442130928569
ck_0dc1e536231c4860,0.016804430988690826
ck_7cd0634a6e60af83,0.04176461660322204
ck_ef6f8e048ae1bd4b,0.00740099720800713
ck_82f3f744209888ac,0.006834823246091072
ck_f33188c232a03526,0.30104747363364454
ck_4a59f4e10bf45d7f,0.0001247087401062603
ck_d96c893721385e4e,0.01047352920865506
ck_f65ab819373edb37,0.03208167502090949
ck_21cac21fc10b7768,0.0012948221645008734
ck_139b54e6ccbdd7da,0.6060057614106368
ck_d6f5c8741697abb3,0.09900067306819754
ck_a28d9bb5590d458f,0.7535602925172652
ck_ed26d906883bea0a,0.002921379761007045
ck_227602ad072b838b,0.0009026725709313455
ck_39d5f6c17c745ab1,0.0032180280392579874
ck_744eade757ba69b5,0.012219629935488557
ck_c1295d97cdf35ec2,0.005315834649070157
ck_69105f881da3c821,0.20925010746884565
ck_933789b55361d7c1,0.9026413092798066
ck_b667952253503174,0.00260246271501583
ck_7bf668e25abeeb05,0.0025729911961193323
ck_91742711dfdffd56,0.004454027970176099
ck_af32a0660090dd68,0.024285489860024503
ck_2122f201e65f76ee,0.0069838649458265475
ck_f48acb73a5d6af07,0.024000003291208643
ck_337c5684510cf432,0.05225586645307673
ck_f7bde7265053364d,0.012059769871421955
ck_c190c7b924edba75,0.04101370857305845
ck_044fa3b3a003f0b5,0.0029911263102147183
ck_87eb43e3b9d96169,0.11669167617334021
ck_2d3d6c9364362017,0.004443134529575763
ck_ac55dc6cbcdf8228,0.04773979305952039
ck_61d7b0568ec5d6cf,0.16061726446303376
ck_89c74feeaffa7d09,0.005650970835931808
ck_93776b0c113f41f0,0.4372040730734638
ck_15e0b679931f7a8d,0.016481795830009003
ck_77b56c49cfdb1d81,0.16140376804083129
ck_73188a826b5f499f,0.006401560266364629
ck_4f463ef25325ddfa,0.9763704365460317
ck_863db2e394dc47d1,0.964096601928382
ck_d52432ed597f3cc9,0.004317641064741667
ck_04fb61e5739642f8,0.18213466431349143
ck_2e481d75d110c06d,0.23109611122770612
ck_3fa1a523d77cd619,0.0023622266708103455
ck_466dc6274fecd708,0.07704973707710598
ck_e1790b3aa2241b10,0.8870743069375074
ck_84ad096a46e1a960,0.2584310381406973
ck_3be72c9c178fa00d,0.17582644226647545
ck_5a17c89219d1d9fe,0.0018732813126445286
ck_4f639f4ee6ce8d9e,0.04789621187725647
ck_f4ec4a935e51b4db,0.02602901730905652
ck_f04040a830f92bac,0.010907164116136079
ck_3e4d02a04be2aaf8,0.020141893442453526
ck_4d1baef193cfb900,0.08411331732942363
ck_0fb3153d37626b75,0.00473597267312507
ck_88ec57a11b11f702,0.9864245868438389
ck_dca9dc465f759db4,0.0025159122451106674
ck_64f5fba6af67e024,0.05228400485108618
ck_896096cb167254ef,0.038444141235645254
ck_7878679065876b98,0.024773523771796657
ck_fe8e5a6c880ceb4e,0.022120086207471704
ck_a5e036327d3d1862,0.0010230982046574883
ck_310f73940fc4cf4f,0.07547269306460365
ck_46a8db16ad00b749,0.041061281308996944
ck_0d33977c3de8cfaf,0.9993747623268099
ck_c6fff412f531db0f,0.00023053959911038647
ck_bac6dadf428eaea9,0.0014339085200154474
ck_1b96d9af0d7da2d5,0.0022671942655232147
ck_fa8a4a9e77799fcc,0.0032944859531936995
ck_0bf48607a874b4d1,0.0006636545991648046
ck_eeb75f8a6439f65e,0.09708586399644033
ck_a209a5f7d172125e,0.006566071531381247
ck_8f346b72fb40bf14,0.007999053710402586
ck_bccbf9fef367f00f,0.006782106112917831
ck_2d1548f1ee405cc9,0.014832864512934456
ck_e8298ff2dc1e9d50,0.0031624402549191707
ck_77c0fb524edb4a94,0.010542252057807188
ck_28ac4c5134cb8e77,0.0147409532924549
ck_db23a0e3e54be60c,0.789777439428948
ck_a059d00cee5cee99,0.0009304976949198689
ck_3e9e3bba8bd363af,0.002507397650844818
ck_0428728df24cdab4,0.001196485257290041
ck_88cd35378075c84f,0.00031825008233747246
ck_0174d76398d9dc0f,0.054986481218362894
ck_3f1287e6c27de0dc,0.002451011176750431
ck_ff822700f3605e06,0.9997797766645019
ck_4563227b2038ae07,0.09696510044412879
ck_788e78065526ee19,0.29269363210310356
ck_8a16eb584093b12f,0.010317997834212205
ck_cc276f71ab6c08fd,0.16977122355069477
ck_d61d97b21002f3e9,0.048640885620331864
ck_4b2e87d86a5e415c,0.050817209977993445
ck_3e6f35e4500d2f2a,0.00014803232630717145
ck_3acdb083e0d8ad61,0.003964389381049282
ck_cd655202db489010,0.00396022528644194
ck_829cbf5ccda481ae,0.013084231951508417
ck_f5882e6f98b8b4cd,0.0007403121374638653
ck_767947540b234add,0.218392375620415
ck_a6e8e8f535b1f1d1,0.0014955758379551574
ck_58412a2674fea506,0.00813052865338535
ck_fae7e518a585fa61,0.032815856711187856
ck_9c60ae6958d68dbd,0.16672716520587555
ck_328696b8f5e54ec6,0.20761541802910413
ck_7df3f8f4f1068d62,0.0035335637028095597
ck_cfadd21458230ef7,0.05127558945531117
ck_7048bedd554c703b,0.0008480107540743143
ck_50422466f145bfd7,0.0015102982992865354
ck_61e1f7168cd9ff25,0.06557366683243722
ck_733aff0f56f5b3c9,0.07716401949199361
ck_e14892e424180549,0.0022904343700210585
ck_03f6664a96de7d0f,0.052186064564712684
ck_b7f4baa2cc82fe61,0.012185317319556493
ck_1e51199a075ca0fa,0.00899370358617989
ck_0e70516fa07cfb17,0.9949062592480968
ck_0f37c554a5057801,0.3491748355633931
ck_5576b725de38d106,0.007120035001743814
ck_82f360df1e9f4eb8,0.09923738624658844
ck_395f3bd4aacd7ca6,0.005959182253565446
ck_5e8e857b63966609,0.534728949840078
ck_93470896f0804b6b,0.9819361574027496
ck_3be854e42e76569a,0.004580614464829211
ck_0567302c57a2417e,0.13421368482719684
ck_ee535461b5f05539,0.27646735750971696
ck_94a096c36162a153,0.026921073040801793
ck_dfc8f5c141fd7c63,0.0004196340137751578
ck_98b34f2d704c1c2a,0.02063267625662992
ck_96dff7a09d45f116,0.03771640594172838
ck_79557434c129ba52,0.0014848446496911803
ck_4596624a7c01d501,0.02683008075937866
ck_04e89fbd739243fa,0.0032105463221242213
ck_6149ffaf18872dc8,0.016922335580525125
ck_cd78f0832a09bd8f,0.9660746747496894
ck_7e29c10d781c3b41,0.0022313891590384667
ck_1f7ee7b23fc6f2f4,0.00663084703625638
ck_c49b685d2b3ab89a,0.0097560500102669
ck_84569a8fc50e73ac,0.005463405187039151
ck_b92b11d205af91eb,0.0005517454590099596
ck_06280e6d6d2485b0,0.013879369753777742
ck_3c08546dd0c92863,0.021085363593454583
ck_99d3983f907828bf,0.007312855358626941
ck_eccfd552aa652d3c,0.1555814876392679
ck_0cff8153881875ba,0.06720962565751372
ck_c1aebbeca6ab5ff9,0.0013013424828488402
ck_538fdbbb3c2bcbbb,0.0019745007008508827
ck_8c0210322733c718,0.0011567285697858564
ck_0b0c93039f987abc,0.008067474426354339
ck_6d07d6d1bd227d37,0.3835874562111153
ck_9b6ee35e8cd0b11c,0.0025648868378583115
ck_d838491d3d4f5ecf,0.037120937677904274
ck_0593ae243a9ebee9,0.0038084530326191247
ck_ef261fc09be8eb0b,0.001836479161398655
ck_d0935b571a4a3868,0.3182687957848353
ck_97d04a67a104af39,0.029766516830917043
ck_e25f70d0b7229420,0.07563775231176594
ck_9b71274ff83de482,0.9991643572867787
ck_6de2aa2bb60978d3,0.029064562836665902
ck_eda55c8fb47593d7,0.014490732004057191
ck_924e572517515f19,0.29495441832662084
ck_d6f27eacbad310f4,0.00997352785567139
ck_8550f229b5eb03ab,0.07600699272897349
ck_e3e95546a84d0ed8,0.0941244931588604
ck_3135c019696ee6af,0.9974718692786156
ck_41ba315d8fccb559,0.0066718972075393
ck_72b86e4485da2d0f,0.995545195354719
ck_daaa995f3c2f0e47,0.013374253365316063
ck_053746067839696b,0.0913408031514466
ck_a15fe7d0f4b65c33,0.2012721600693367
ck_15de11438732bb05,0.021358172791982637
ck_2c4d25acbe3fabd9,0.0019294881345121682
ck_7f08078908599bd2,0.6239612071925298
ck_e794741742fb2619,0.05566753679902704
ck_238e53b6dee8c301,0.0003038394713393059
ck_53a6a33060d5c8b8,0.04445052380139807
ck_0e0919292ad33472,0.9776663917784351
ck_d86ccf148c06c8c8,0.22813430737490722
ck_c881f26c9bf9ae42,0.831492114667909
ck_4b0947bf94e9d847,0.030935112827060175
ck_e10ff5c38bd18470,0.01142169608315272
ck_b60de9e97aad9e45,0.9887766392678271
ck_190bc849e5ff5401,0.015889852389566604
ck_e7be077aa0b2632c,0.0006150888514449204
ck_a51abde881ebeff3,0.005053898752566614
ck_2208392a9f6bd249,0.0399412833063911
ck_0259da8f109017e9,0.029279441097169158
ck_05e01ab9c95449da,0.022547424770489502
ck_c82897ebffb6ae66,0.007572229361979311
ck_b4a6bb4689cd7cfa,0.2956818370849562
ck_9e21ea33018ce538,0.00951028020823659
ck_caa348f0e65db062,0.9866430200608557
ck_a964e6b5d8415334,0.36676438505997266
ck_510bfbbee37ff436,0.008493316132121282
ck_9741a82faf5c7889,0.0393904899075406
ck_e7f61b4a39ba98ac,0.0007036131775790083
ck_069d158665a53909,0.03161902911334518
ck_6426427efe3228af,0.09925999652009808
ck_ab4a8d02ec3c0fd7,0.0017619520403695682
ck_aefa0d8d933e0eca,0.025176961742033592
ck_232325ef6bce92f1,0.0015790041353860233
ck_14e58c3fb26a2b4d,0.008911165697150496
ck_06e73afdec26aecc,0.338693302113798
ck_3168f4f2778d64e1,0.0939874557796424
ck_ff3998d6858daa21,9.547809922924739e-05
ck_bccff46fb0868454,0.0127025871397323
ck_c7d444d90fa86d7c,0.857948354661542
ck_f0bc3bdee6bfbb94,0.004154979071125692
ck_f7112818a6d81422,0.04627905513178375
ck_aca35dbcb835ad02,0.0474725871375582
ck_f637fabf0f60528f,0.011489218994482896
ck_53d17ab97de1ac3e,0.001975002478002133
ck_c8c1bf16d9113493,0.6060010087007769
ck_e842fb0cf055a83b,0.11302065351701639
ck_93c0cb3dac4891fe,0.02615116736178859
ck_0c1f088e17e46daf,0.045257436624561
ck_8f4b384955bf57c9,0.025806524375534316
ck_09cd5c4df1e81ac2,0.18061689146670415
ck_1e832a5b2342554f,0.25474608084810263
ck_2cb763a881aee27f,0.0009332503821357809
ck_5875828b11406398,0.0027036792306391346
ck_48e84b0cb0b90fa7,0.010659197030228407
ck_833688de8629c5c0,0.0011544821959526168
ck_117d78ccd5820f36,0.030441040477927853
ck_668ec61c4c39cae3,0.0036837557614172313
ck_73a7794b659d7a34,0.010035697682576372
ck_10f90d879209734f,0.01704514790799952
ck_d1d079913aa158bf,0.0024081077481910196
ck_01c631b38e8a9535,0.016561594343611482
ck_f6923088c17a04e2,0.02434067135226606
ck_b447badc9138987d,0.0026540472463372025
ck_8b772caed8f1541c,0.0006907564234423266
ck_5403c76fe68a08ba,0.718122056158164
ck_3e6833574edf1736,0.004205312793728669
ck_e527fbb9450a4581,0.9946804395868653
ck_cc90e219f1ebf390,0.0016494065175740608
